input-smiles,inchikey,smiles,true-value,pred-value,lq_estimators-eos4u6p,lq_estimators-eos3l5f,lq_estimators-eos2gw4,lq_estimators-eos8a4x,lq_estimators-eos8aa5,lq_estimators-eos4ex3,lq_estimators-eos5axz,lq_estimators-eos82v1,lq_estimators-eos4ywv,lq_estimators-eos4rw4,lq_estimators-eos9o72,umap-0,umap-1,pca-0,pca-1
C[C@@H](c1cc2ccccc2s1)N(O)C(N)=O,MWLSOWXNZPKENC-ZETCQYMHSA-N,C[C@@H](c1cc2ccccc2s1)N(O)C(N)=O,0,0.1587980777351405,0.3446095287799835,0.4959295988082886,0.2664958834648132,0.3280084133148193,0.486054390668869,0.3495035171508789,0.2558886408805847,0.4397757351398468,0.4205666482448578,0.4991320371627807,0.3709173202514648,-0.15681653,-0.6075188,-0.2603711,-0.35659587
COCC(=O)O[C@]1(CCN(C)CCCc2nc3ccccc3[nH]2)CCc2cc(F)ccc2[C@@H]1C(C)C,HBNPJJILLOYFJU-VMPREFPWSA-N,COCC(=O)O[C@]1(CCN(C)CCCc2nc3ccccc3[nH]2)CCc2cc(F)ccc2[C@@H]1C(C)C,0,0.3970379672926721,0.6628390550613403,0.6639407277107239,0.495227962732315,0.5410816073417664,0.5679438710212708,0.4858625829219818,0.6792911291122437,0.6062774658203125,0.4418024122714996,0.6596395373344421,0.4295225143432617,0.034023046,0.020647228,-0.45712733,-0.6546796
CC(=O)[C@H]1CC[C@H]2[C@@H]3CC[C@H]4C[C@](C)(O)CC[C@]4(C)[C@H]3CC[C@]12C,PGTVWKLGGCQMBR-FLBATMFCSA-N,CC(=O)[C@H]1CC[C@H]2[C@@H]3CC[C@H]4C[C@](C)(O)CC[C@]4(C)[C@H]3CC[C@]12C,0,0.3655578919305279,0.5325362682342529,0.3238808214664459,0.371054083108902,0.5299199223518372,0.5481421947479248,0.4251326024532318,0.7194383144378662,0.4250411689281463,0.3205961287021637,0.5710301399230957,0.5687187314033508,0.4488768,-0.433021,-0.25158018,-0.50700426
C[C@H](CCC(=O)O)[C@H]1CC[C@H]2[C@H]3[C@H](CC[C@@]21C)[C@@]1(C)CC[C@@H](O)C[C@@H]1C[C@H]3O,RUDATBOHQWOJDD-IKAPKQLESA-N,C[C@H](CCC(=O)O)[C@H]1CC[C@H]2[C@@H]3[C@H](O)C[C@H]4C[C@H](O)CC[C@]4(C)[C@H]3CC[C@]12C,0,0.1950977082874029,0.3712358772754669,0.2983902096748352,0.1498806774616241,0.3446977436542511,0.4300436377525329,0.1842200607061386,0.5411903858184814,0.3554641008377075,0.2566806674003601,0.3148664236068725,0.3164852559566498,0.4101848,-0.46034285,-0.30335397,-0.45383954
CC[C@H]1OC(=O)[C@H](C)[C@@H](O[C@H]2C[C@@](C)(OC)[C@@H](O)[C@H](C)O2)[C@H](C)[C@@H](O[C@@H]2O[C@H](C)C[C@H](N(C)C)[C@H]2O)[C@](C)(O)C[C@@H](C)/C(=N\OCOCCOC)[C@H](C)[C@@H](O)[C@]1(C)O,RXZBMPWDPOLZGW-XMRMVWPWSA-N,CC[C@H]1OC(=O)[C@H](C)[C@@H](O[C@H]2C[C@@](C)(OC)[C@@H](O)[C@H](C)O2)[C@H](C)[C@@H](O[C@@H]2O[C@H](C)C[C@H](N(C)C)[C@H]2O)[C@](C)(O)C[C@@H](C)/C(=N\OCOCCOC)[C@H](C)[C@@H](O)[C@]1(C)O,0,0.0971259995771563,0.233064204454422,0.176647812128067,0.1491561383008957,0.1836359053850174,0.1974656134843826,0.1528591364622116,0.2281296104192733,0.1125984638929367,0.2418461740016937,0.0978149101138114,0.1604145467281341,-0.05310318,-0.5563976,-0.3545081,-0.44163898
CC(C)(C)NC[C@H](O)COc1ccccc1C1CCCC1,KQXKVJAGOJTNJS-HNNXBMFYSA-N,CC(C)(C)NC[C@H](O)COc1ccccc1C1CCCC1,1,0.5897434901142118,0.7990924119949341,0.6817328333854675,0.7423182725906372,0.7670140862464905,0.8716959357261658,0.8107366561889648,0.8670490980148315,0.8572874665260315,0.6444635987281799,0.8864247798919678,0.7193040251731873,0.24888796,0.0758611,-0.16418149,-0.3310929
CC(C)c1c(C(=O)Nc2ccccc2)c(-c2ccccc2)c(-c2ccc(F)cc2)n1CC[C@@H](O)C[C@@H](O)CC(=O)O,XUKUURHRXDUEBC-KAYWLYCHSA-N,CC(C)c1c(C(=O)Nc2ccccc2)c(-c2ccccc2)c(-c2ccc(F)cc2)n1CC[C@@H](O)C[C@@H](O)CC(=O)O,0,0.1528730074912904,0.413626879453659,0.4777806997299194,0.3071282804012298,0.2296578288078308,0.3540899157524109,0.1153297573328018,0.4716452658176422,0.2873079180717468,0.4847870469093323,0.1994486153125763,0.2144030928611755,-0.76335895,-0.3416408,-0.80627185,0.46295124
C[C@]12CC[C@H]3[C@@H](CC=C4C[C@@H](O)CC[C@@]43C)[C@@H]1CCC2=O,FMGSKLZLMKYGDP-USOAJAOKSA-N,C[C@]12CC[C@H](O)CC1=CC[C@@H]1[C@@H]2CC[C@]2(C)C(=O)CC[C@@H]12,0,0.2830221581411262,0.427819162607193,0.3660716712474823,0.4505763053894043,0.5354148149490356,0.5862507820129395,0.3443056046962738,0.4954270124435425,0.4490712285041809,0.4347143173217773,0.5711977481842041,0.5289475321769714,0.4256364,-0.44645566,-0.22566907,-0.4705793
CCOc1ccccc1O[C@H](c1ccccc1)[C@H]1CNCCO1,CBQGYUDMJHNJBX-RTBURBONSA-N,CCOc1ccccc1O[C@H](c1ccccc1)[C@H]1CNCCO1,0,0.5332342537941155,0.7987799048423767,0.6541023850440979,0.8238551020622253,0.7234033942222595,0.7389613389968872,0.7137050628662109,0.7744309902191162,0.7740978002548218,0.5860292911529541,0.5810505151748657,0.5427647233009338,-0.026022404,0.11699003,-0.08623738,0.011193708
COc1cccc([C@@]2(O)CCCC[C@@H]2CN(C)C)c1,TVYLLZQTGLZFBW-ZBFHGGJFSA-N,COc1cccc([C@@]2(O)CCCC[C@@H]2CN(C)C)c1,1,0.5769367590027569,0.7528320550918579,0.7001752257347107,0.8509705662727356,0.7283456325531006,0.7991464138031006,0.7823610305786133,0.7783007025718689,0.7988482713699341,0.7011889815330505,0.8392186760902405,0.725878119468689,0.4445293,0.13886952,0.2321443,-0.44375926
O=c1oc2ccccc2c(O)c1Cc1c(O)c2ccccc2oc1=O,DOBMPNYZJYQDGZ-UHFFFAOYSA-N,O=c1oc2ccccc2c(O)c1Cc1c(O)c2ccccc2oc1=O,0,0.1709081303679606,0.4307535588741302,0.3881248831748962,0.5095533132553101,0.2912855744361877,0.4244252741336822,0.2307182550430297,0.4388908743858337,0.2951202988624573,0.4828514158725738,0.3009210526943207,0.1242744624614715,-0.6957164,-0.3929077,-0.52550226,-0.18109736
CCCN1CCC[C@@H]2Cc3nc(N)ncc3C[C@H]21,TUFADSGTJUOBEH-ZWNOBZJWSA-N,CCCN1CCC[C@@H]2Cc3nc(N)ncc3C[C@H]21,0,0.4888765320175155,0.6812421083450317,0.6458152532577515,0.59389728307724,0.6428801417350769,0.6529103517532349,0.6818166375160217,0.6254981160163879,0.6193367838859558,0.577538251876831,0.5714244842529297,0.6642561554908752,0.52645093,-0.263144,-0.07960234,-0.5833905
CN(C)CCCN1c2ccccc2CCc2ccc(Cl)cc21,GDLIGKIOYRNHDA-UHFFFAOYSA-N,CN(C)CCCN1c2ccccc2CCc2ccc(Cl)cc21,1,0.6072467501942542,0.889354407787323,0.7269939184188843,0.7517242431640625,0.7564653754234314,0.8121751546859741,0.828611433506012,0.8720909357070923,0.8587557077407837,0.8549251556396484,0.8935199975967407,0.8203716278076172,0.13822418,0.03413731,-0.23114766,-0.73004293
C[C@H](CN(C)C)CN1c2ccccc2CCc2ccccc21,ZSCDBOWYZJWBIY-MRXNPFEDSA-N,C[C@H](CN(C)C)CN1c2ccccc2CCc2ccccc21,1,0.6004244173713281,0.8547025322914124,0.7234788537025452,0.7277930378913879,0.8088449239730835,0.8437238335609436,0.8575013875961304,0.829236626625061,0.8023964166641235,0.8472006320953369,0.8373434543609619,0.795418381690979,0.18834889,0.074671865,-0.082816474,-0.48631853
CNCCCN1c2ccccc2CCc2ccccc21,HCYAFALTSJYZDH-UHFFFAOYSA-N,CNCCCN1c2ccccc2CCc2ccccc21,1,0.6023713552777513,0.879530668258667,0.7254675626754761,0.8023581504821777,0.7782898545265198,0.8298510909080505,0.8292819857597351,0.8172478675842285,0.8449221849441528,0.852648138999939,0.8702061772346497,0.7890494465827942,0.16674602,0.07885593,-0.16201104,-0.4663202
CN(C)CCCN1c2ccccc2CCc2ccccc21,BCGWQEUPMDMJNV-UHFFFAOYSA-N,CN(C)CCCN1c2ccccc2CCc2ccccc21,1,0.6145895362944177,0.893539309501648,0.7688081860542297,0.711554765701294,0.8018835783004761,0.8474611043930054,0.859546422958374,0.8843439221382141,0.8528211712837219,0.8880141973495483,0.9173707365989684,0.8390762805938721,0.21372485,0.05542749,-0.112228945,-0.55438805
C#C[C@]1(O)CC[C@H]2[C@@H]3CCC4=CC(=O)CC[C@@H]4[C@H]3C(=C)C[C@@]21CC,GCKFUYQCUCGESZ-BPIQYHPVSA-N,C#C[C@]1(O)CC[C@H]2[C@@H]3CCC4=CC(=O)CC[C@@H]4[C@H]3C(=C)C[C@@]21CC,0,0.1195435791672,0.2913035750389099,0.3000859916210174,0.3257623016834259,0.4324760735034942,0.2890600264072418,0.1984683573246002,0.2884564399719238,0.3108622133731842,0.2304664552211761,0.2768381237983703,0.2756054103374481,0.44559455,-0.43861008,-0.33074284,-0.5009378
Cc1ccc(C(=O)c2cc(O)c(O)c([N+](=O)[O-])c2)cc1,MIQPIUSUKVNLNT-UHFFFAOYSA-N,Cc1ccc(C(=O)c2cc(O)c(O)c([N+](=O)[O-])c2)cc1,0,0.1133935881421428,0.4530176818370819,0.2665757536888122,0.2478967458009719,0.3134306371212005,0.2010924220085144,0.2306894063949585,0.2836704552173614,0.2204712033271789,0.2838849723339081,0.2482545226812362,0.1487653851509094,-0.47876063,-0.5827094,-0.25370643,-0.26492643
CC(C)OC(=O)C(C)(C)Oc1ccc(C(=O)c2ccc(Cl)cc2)cc1,YMTINGFKWWXKFG-UHFFFAOYSA-N,CC(C)OC(=O)C(C)(C)Oc1ccc(C(=O)c2ccc(Cl)cc2)cc1,0,0.1250641602626423,0.3706267774105072,0.3536438047885895,0.1651166975498199,0.3499122262001037,0.1866932660341262,0.281032383441925,0.2908353507518768,0.3371510207653045,0.2994938492774963,0.3117953240871429,0.3599665760993957,-0.49126804,0.0590716,-0.43405542,-0.56084234
C[C@@H](C(=O)O)c1cccc(C(=O)c2ccccc2)c1,DKYWVDODHFEZIM-LLVKDONJSA-N,C[C@@H](C(=O)O)c1cccc(C(=O)c2ccccc2)c1,0,0.1153996110574841,0.4374923706054687,0.2762080132961273,0.1596105992794037,0.3652815818786621,0.1792292296886444,0.180632397532463,0.2281889766454696,0.3113660514354706,0.3718767762184143,0.2298359274864196,0.2463126629590988,-0.53226125,0.2643233,-0.26823735,-0.3109662
Cc1ccc(-c2cc(C(F)(F)F)nn2-c2ccc(S(N)(=O)=O)cc2)cc1,RZEKVGVHFLEQIL-UHFFFAOYSA-N,Cc1ccc(-c2cc(C(F)(F)F)nn2-c2ccc(S(N)(=O)=O)cc2)cc1,1,0.1281388990273674,0.3676906228065491,0.2859569191932678,0.2039958536624908,0.3216577172279358,0.3471851944923401,0.1883492320775985,0.3959802389144897,0.2844265401363373,0.2277012914419174,0.3146151304244995,0.2263502776622772,-0.24805447,0.7537737,-0.46838906,-0.11204504
C=C1C[C@@H]2[C@H](CC[C@]3(C)C(=O)CC[C@@H]23)[C@@]2(C)C=CC(=O)C=C12,BFYIZQONLCFLEV-DAELLWKTSA-N,C=C1C[C@@H]2[C@H](CC[C@]3(C)C(=O)CC[C@@H]23)[C@@]2(C)C=CC(=O)C=C12,0,0.1237704414849,0.3925680518150329,0.3530383110046386,0.3380668759346008,0.3656221032142639,0.4131625294685364,0.192770630121231,0.159607782959938,0.2421215176582336,0.3166500627994537,0.2366276979446411,0.3007126450538635,0.41918045,-0.46796158,-0.33353066,-0.49483618
CC(C)NC[C@H](O)COc1cccc2[nH]ccc12,JZQKKSLKJUAGIC-NSHDSACASA-N,CC(C)NC[C@H](O)COc1cccc2[nH]ccc12,1,0.5691920574031538,0.8042517900466919,0.7480103373527527,0.70194411277771,0.6366450786590576,0.8261677026748657,0.6601171493530273,0.8225950598716736,0.8680801391601562,0.6474509835243225,0.8512576818466187,0.6845425367355347,0.32692367,-0.44120952,-0.059874766,-0.49428836
CCCCC/N=C(\N)N/N=C\c1c[nH]c2ccc(CO)cc12,HXYYJPLPXWLAMQ-JMIUGGIZSA-N,CCCCC/N=C(\N)N/N=C\c1c[nH]c2ccc(CO)cc12,1,0.2668094902272148,0.5438729524612427,0.5559036731719971,0.4699985384941101,0.4860140979290008,0.430800050497055,0.4269346594810486,0.4609614014625549,0.5221683382987976,0.2498015463352203,0.4748816788196563,0.558164656162262,-0.2825878,-0.65045273,-0.3397559,-0.67438984
O=C(O)CCCC/C=C(\c1ccccc1)c1cccnc1,UWPBQLKEHGGKKD-GZTJUZNOSA-N,O=C(O)CCCC/C=C(\c1ccccc1)c1cccnc1,0,0.1625198840033846,0.3266012072563171,0.4462572336196899,0.3090677857398987,0.4638625681400299,0.40129154920578,0.2109454572200775,0.3339015245437622,0.5318350195884705,0.2252923399209976,0.4550100564956665,0.3678555488586426,-0.48248488,0.2679541,-0.14065935,-0.2955129
O=C1CC[C@H](N2C(=O)c3ccccc3C2=O)C(=O)N1,UEJJHQNACJXSKW-VIFPVBQESA-N,O=C1CC[C@H](N2C(=O)c3ccccc3C2=O)C(=O)N1,0,0.1201945827961075,0.4606703221797943,0.3989036381244659,0.118966706097126,0.2292196154594421,0.2907859086990356,0.1778741776943206,0.2723411023616791,0.2310244739055633,0.4180550575256347,0.1900387555360794,0.2037273049354553,-0.046573073,-0.6392615,-0.26895487,-0.4945129
O=c1[nH]c(=O)n([C@@H]2CCCO2)cc1F,WFWLQNSHRPWKFK-LURJTMIESA-N,O=c1[nH]c(=O)n([C@@H]2CCCO2)cc1F,0,0.1210187797957276,0.2865202128887176,0.4011721909046173,0.3739472925662994,0.4339029788970947,0.2573621869087219,0.1854597181081771,0.2886848449707031,0.3251010179519653,0.3956188857555389,0.1526642739772796,0.1452307105064392,0.27098334,-0.33606786,-0.21321644,-0.3695565
CC(C)COC[C@@H](CN(Cc1ccccc1)c1ccccc1)N1CCCC1,UIEATEWHFDRYRU-XMMPIXPASA-N,CC(C)COC[C@@H](CN(Cc1ccccc1)c1ccccc1)N1CCCC1,0,0.5285301803568937,0.6585611701011658,0.6228440999984741,0.7467136979103088,0.8047276735305786,0.7026466131210327,0.8513007164001465,0.587095320224762,0.773703396320343,0.6446552872657776,0.828811764717102,0.6806484460830688,0.27716482,0.12425923,-0.018835962,-0.39960858
Cc1c(C)c2c(c(C)c1O)CC[C@](C)(COc1ccc(C[C@@H]3SC(=O)NC3=O)cc1)O2,GXPHKUHSUJUWKP-YADARESESA-N,Cc1c(C)c2c(c(C)c1O)CC[C@](C)(COc1ccc(C[C@@H]3SC(=O)NC3=O)cc1)O2,1,0.132445530544919,0.224389374256134,0.3738128244876861,0.3710965812206268,0.4197211861610412,0.4234234094619751,0.1562194526195526,0.2320042997598648,0.4441671967506408,0.4534696340560913,0.1922101825475692,0.2526013851165771,-0.45661712,0.019651651,-0.38597238,-0.4437785
O=C(Cn1c(=O)sc2ccc(Cl)cc21)N1CCN(CCO)CC1,HTJXMOGUGMSZOG-UHFFFAOYSA-N,O=C(Cn1c(=O)sc2ccc(Cl)cc21)N1CCN(CCO)CC1,0,0.276819819875633,0.5968737602233887,0.3833875358104706,0.4841400980949402,0.5380222201347351,0.4194002449512481,0.5879562497138977,0.4157391488552093,0.4740501642227173,0.5697306394577026,0.5757347345352173,0.4848631620407104,0.31825495,-0.15972257,-0.117887564,-0.19187923
CCC(C)(C)NC[C@H](O)COc1ccccc1C(=O)CCc1ccccc1,VDKMYSMWQCFYBQ-IBGZPJMESA-N,CCC(C)(C)NC[C@H](O)COc1ccccc1C(=O)CCc1ccccc1,1,0.4776766437076684,0.6633087992668152,0.6769271492958069,0.4062299430370331,0.6741880178451538,0.8108587265014648,0.6090162992477417,0.7476577758789062,0.7336908578872681,0.4714010655879974,0.7376323342323303,0.5302279591560364,0.20445496,0.10504818,-0.30540502,-0.20023042
CCCNC[C@H](O)COc1ccccc1C(=O)CCc1ccccc1,JWHAUXFOSRPERK-SFHVURJKSA-N,CCCNC[C@H](O)COc1ccccc1C(=O)CCc1ccccc1,1,0.4786318707129839,0.5682790279388428,0.72133868932724,0.5530263185501099,0.6000030040740967,0.811191976070404,0.5466639995574951,0.7077713012695312,0.6719021797180176,0.4897715747356415,0.6651829481124878,0.546562671661377,0.25831634,0.11242741,-0.14565676,-0.16799489
COc1cc2c(c(OC)c1OC)-c1ccc(OC)c(=O)cc1[C@@H](NC(C)=O)CC2,IAKHMKGGTNLKSZ-INIZCTEOSA-N,COc1cc2c(c(OC)c1OC)-c1ccc(OC)c(=O)cc1[C@@H](NC(C)=O)CC2,0,0.1977088741631062,0.268865168094635,0.472655326128006,0.5621495246887207,0.5441389679908752,0.3679698705673218,0.2552025914192199,0.4497155845165252,0.4091889262199402,0.3830288648605346,0.2135581523180008,0.4133261442184448,-0.25905544,0.16582632,0.10046095,-0.18447298
COc1ccc(CN(CCN(C)C)c2ccccn2)cc1,YECBIJXISLIIDS-UHFFFAOYSA-N,COc1ccc(CN(CCN(C)C)c2ccccn2)cc1,0,0.5864055108784344,0.7938982844352722,0.6656159162521362,0.7682672142982483,0.7644863724708557,0.8342950940132141,0.8216338753700256,0.8090212941169739,0.7649751305580139,0.7616791129112244,0.8095846772193909,0.7776840925216675,0.49362087,-0.011217415,0.17371532,-0.4702001
CN(C)CCN(Cc1ccccc1)c1ccccn1,UFLGIAIHIAPJJC-UHFFFAOYSA-N,CN(C)CCN(Cc1ccccc1)c1ccccn1,0,0.5785506583692263,0.7910772562026978,0.6830939650535583,0.6986282467842102,0.7456612586975098,0.8113486766815186,0.8199262619018555,0.7750890254974365,0.7897306680679321,0.7205507755279541,0.8585501909255981,0.7598192095756531,0.5040142,0.008970499,0.020188913,-0.52227616
CC(C)(C#N)c1cc(Cn2cncn2)cc(C(C)(C)C#N)c1,YBBLVLTVTVSKRW-UHFFFAOYSA-N,CC(C)(C#N)c1cc(Cn2cncn2)cc(C(C)(C)C#N)c1,0,0.1263414375289148,0.2796626091003418,0.3433160781860351,0.4592962861061096,0.397549569606781,0.2784488201141357,0.3605513274669647,0.2942058742046356,0.3275009095668793,0.3150886297225952,0.1174341961741447,0.2640862166881561,-0.17719676,-0.6379673,-0.15916118,-0.40219265
COC(=O)N[C@H](C(=O)N[C@@H](Cc1ccccc1)[C@H](O)CN(Cc1ccc(-c2ccccn2)cc1)NC(=O)[C@H](NC(=O)OC)C(C)(C)C)C(C)(C)C,AXRYRYVKAWYZBR-BVEPWEIPSA-N,COC(=O)N[C@H](C(=O)N[C@@H](Cc1ccccc1)[C@H](O)CN(Cc1ccc(-c2ccccn2)cc1)NC(=O)[C@H](NC(=O)OC)C(C)(C)C)C(C)(C)C,0,0.1750383653153167,0.458577960729599,0.458146870136261,0.285042405128479,0.2606749236583709,0.4014247059822082,0.2469048202037811,0.4684500694274902,0.2295564860105514,0.382306307554245,0.5072337985038757,0.2490218877792358,0.04506311,0.11799449,-0.81831235,-0.42507
CC(C)c1nc(CN(C)C(=O)N[C@H](C(=O)N[C@@H](Cc2ccccc2)C[C@H](O)[C@H](Cc2ccccc2)NC(=O)OCc2cncs2)C(C)C)cs1,NCDNCNXCDXHOMX-XGKFQTDJSA-N,CC(C)c1nc(CN(C)C(=O)N[C@H](C(=O)N[C@@H](Cc2ccccc2)C[C@H](O)[C@H](Cc2ccccc2)NC(=O)OCc2cncs2)C(C)C)cs1,1,0.2126952389804152,0.5256518125534058,0.4242892265319824,0.2502060830593109,0.1630337536334991,0.3334985077381134,0.295204758644104,0.5156658887863159,0.2503130137920379,0.39304119348526,0.4149410128593445,0.2950573563575744,-0.8408125,-0.07038581,-0.7930341,-0.47467417
N[C@@H]1C[C@H]1c1ccccc1,AELCINSCMGFISI-DTWKUNHWSA-N,N[C@@H]1C[C@H]1c1ccccc1,0,0.3842651634175941,0.586366593837738,0.6633243560791016,0.5717136859893799,0.6576892137527466,0.6881752014160156,0.6062315106391907,0.4051918983459472,0.5762316584587097,0.3856901526451111,0.5852895379066467,0.5816727876663208,-0.28154713,0.39795554,-0.08024781,-0.52761316
CC(C)(Oc1ccc([C@@H]2CC2(Cl)Cl)cc1)C(=O)O,KPSRODZRAIWAKH-JTQLQIEISA-N,CC(C)(Oc1ccc([C@@H]2CC2(Cl)Cl)cc1)C(=O)O,0,0.1320325371289639,0.2953691184520721,0.2785045206546783,0.291842371225357,0.3703821897506714,0.2556842267513275,0.256261944770813,0.395687460899353,0.4116507768630981,0.3069435358047485,0.3906455039978027,0.2114137858152389,0.07305196,-0.35628438,-0.38060617,-0.4474779
CCN(CC)C(=O)[C@]1(c2ccccc2)C[C@@H]1CN,GJJFMKBJSRMPLA-HIFRSBDPSA-N,CCN(CC)C(=O)[C@]1(c2ccccc2)C[C@@H]1CN,0,0.3803179561598822,0.6934991478919983,0.5169722437858582,0.5871383547782898,0.6147412061691284,0.58429354429245,0.6837805509567261,0.4129071831703186,0.6178523898124695,0.3520327806472778,0.7327190637588501,0.5218021869659424,0.48040384,0.2066961,0.12131107,-0.45736045
O=[N+]([O-])c1cncn1CCN1CCOCC1,MDJFHRLTPRPZLY-UHFFFAOYSA-N,O=[N+]([O-])c1cncn1CCN1CCOCC1,0,0.2809016654629692,0.4009395539760589,0.2457219809293747,0.4471321702003479,0.5035688877105713,0.3708339035511017,0.5051090121269226,0.6425222754478455,0.4691550433635711,0.5367105603218079,0.45078244805336,0.377848356962204,0.56695575,-0.27242246,0.030083686,-0.16435358
CO[C@H]1C[C@@H]2CC[C@@H](C)[C@@](O)(O2)C(=O)C(=O)N2CCCC[C@H]2C(=O)O[C@H]([C@H](C)C[C@@H]2CC[C@@H](OCCO)[C@H](OC)C2)CC(=O)[C@H](C)C=C(C)[C@@H](O)[C@@H](OC)C(=O)[C@H](C)C[C@H](C)C=CC=CC=C1C,HKVAMNSJSFKALM-DHGBBOBXSA-N,CO[C@H]1C[C@@H]2CC[C@@H](C)[C@@](O)(O2)C(=O)C(=O)N2CCCC[C@H]2C(=O)O[C@H]([C@H](C)C[C@@H]2CC[C@@H](OCCO)[C@H](OC)C2)CC(=O)[C@H](C)C=C(C)[C@@H](O)[C@@H](OC)C(=O)[C@H](C)C[C@H](C)C=CC=CC=C1C,0,0.1045119288648031,0.262770265340805,0.2511495351791382,0.1563110947608947,0.047772541642189,0.1564629673957824,0.0404303297400474,0.3050738573074341,0.2113069891929626,0.3945635855197906,0.1543153077363968,0.0767635479569435,-0.063292265,-0.5588164,-0.56744266,-0.52876997
C1CCC(C(C[C@H]2CCCCN2)C2CCCCC2)CC1,CYXKNKQEMFBLER-GOSISDBHSA-N,C1CCC(C(C[C@H]2CCCCN2)C2CCCCC2)CC1,1,0.4639968894766766,0.7549495100975037,0.5728468894958496,0.6998446583747864,0.6361783146858215,0.670817494392395,0.8289696574211121,0.5730629563331604,0.7527343034744263,0.4612596035003662,0.5376472473144531,0.5124777555465698,0.9586096,-0.29472965,0.05957137,-0.47796234
CC[C@@H]1C(=O)OC[C@@H]1Cc1cncn1C,QCHFTSOMWOSFHM-WPRPVWTQSA-N,CC[C@@H]1C(=O)OC[C@@H]1Cc1cncn1C,0,0.1701213414310681,0.6213740706443787,0.4755350947380066,0.2877809703350067,0.4561873078346252,0.3580665588378906,0.355284184217453,0.3382139503955841,0.3729713261127472,0.2063532620668411,0.3770468533039093,0.3205560147762298,0.540425,-0.19785562,-0.009485707,-0.63592947
CN(CCOc1ccc(NS(C)(=O)=O)cc1)CCc1ccc(NS(C)(=O)=O)cc1,IXTMWRCNAAVVAI-UHFFFAOYSA-N,CN(CCOc1ccc(NS(C)(=O)=O)cc1)CCc1ccc(NS(C)(=O)=O)cc1,0,0.4047531439747258,0.6542196869850159,0.7636541128158569,0.3392235040664673,0.4907024800777435,0.5278411507606506,0.1670539379119873,0.70208740234375,0.590865433216095,0.6438076496124268,0.4334977269172668,0.6012526154518127,0.07639867,0.99423945,0.21825728,-0.78148824
CCOc1ccccc1OCCN[C@H](C)Cc1ccc(OC)c(S(N)(=O)=O)c1,DRHKJLXJIQTDTD-OAHLLOKOSA-N,CCOc1ccccc1OCCN[C@H](C)Cc1ccc(OC)c(S(N)(=O)=O)c1,1,0.3678267241906095,0.696829617023468,0.5991061329841614,0.6065187454223633,0.5138084888458252,0.5106128454208374,0.3705370426177978,0.5770620107650757,0.6084862351417542,0.4784275591373443,0.4614357352256775,0.4477736055850982,0.1632036,0.6709249,-0.07016212,-0.09298465
CC(C)(O)c1ccccc1CC[C@@H](SCC1(CC(=O)O)CC1)c1cccc(/C=C\c2ccc3ccc(Cl)cc3n2)c1,UCHDWCPVSPXUMX-LNMNGANESA-N,CC(C)(O)c1ccccc1CC[C@@H](SCC1(CC(=O)O)CC1)c1cccc(/C=C\c2ccc3ccc(Cl)cc3n2)c1,0,0.1388103108832878,0.3279424607753753,0.3090946972370147,0.2461936175823211,0.3533436954021454,0.3728340566158294,0.2431867867708206,0.4268344640731811,0.32675302028656,0.258756160736084,0.2497420907020568,0.3296235203742981,-0.2911178,-0.5686448,-0.5060163,-0.28755128
OC(c1ccccc1)(c1ccccc1)C1CCNCC1,ZMISODWVFHHWNR-UHFFFAOYSA-N,OC(c1ccccc1)(c1ccccc1)C1CCNCC1,0,0.4724406511848649,0.6963195204734802,0.6494001150131226,0.8404899835586548,0.6435832381248474,0.6747207641601562,0.7511711716651917,0.5543574690818787,0.6906816959381104,0.4550865590572357,0.6204602122306824,0.5701082944869995,0.23548543,0.22820246,0.12138167,-0.41951942
O=C(NC[C@H]1CCCCN1)c1cc(OCC(F)(F)F)ccc1OCC(F)(F)F,DJBNUMBKLMJRSA-LLVKDONJSA-N,O=C(NC[C@H]1CCCCN1)c1cc(OCC(F)(F)F)ccc1OCC(F)(F)F,1,0.3607388912655587,0.5604110956192017,0.6177195906639099,0.3982363045215606,0.5307829976081848,0.5916224718093872,0.6067585945129395,0.6371123194694519,0.6259059309959412,0.4958396553993225,0.4694777429103851,0.1699966639280319,0.40574408,0.15058857,0.010646522,-0.31026053
CC(C)C[C@H]1C(=O)N2CCC[C@H]2[C@]2(O)O[C@](NC(=O)[C@@H]3C=C4c5cccc6[nH]c(Br)c(c56)C[C@H]4N(C)C3)(C(C)C)C(=O)N12,OZVBMTJYIDMWIL-AYFBDAFISA-N,CC(C)C[C@H]1C(=O)N2CCC[C@H]2[C@]2(O)O[C@](NC(=O)[C@@H]3C=C4c5cccc6[nH]c(Br)c(c56)C[C@H]4N(C)C3)(C(C)C)C(=O)N12,0,0.1616311117985394,0.537428081035614,0.2902932465076446,0.403057724237442,0.2610992193222046,0.2903991341590881,0.3648870289325714,0.2771936357021332,0.2362708151340484,0.5523549914360046,0.2404009252786636,0.2123460471630096,0.36889505,-0.35162956,-0.19068395,-0.41225561
Cc1ncc2n1-c1ccc(Cl)cc1C(c1ccccc1F)=NC2,DDLIGBOFAVUZHB-UHFFFAOYSA-N,Cc1ncc2n1-c1ccc(Cl)cc1C(c1ccccc1F)=NC2,0,0.1682410545608627,0.521459698677063,0.488604873418808,0.4926769137382507,0.3928627073764801,0.2944602966308594,0.3493182063102722,0.2372749149799347,0.4342528283596039,0.4493309557437897,0.3912095427513122,0.2784081101417541,-0.49147278,-0.5325837,-0.440849,-0.20873708
CC[C@H](C)n1ncn(-c2ccc(N3CCN(c4ccc(OC[C@H]5CO[C@](Cn6cncn6)(c6ccc(Cl)cc6Cl)O5)cc4)CC3)cc2)c1=O,VHVPQPYKVGDNFY-TUJWMRSMSA-N,CC[C@H](C)n1ncn(-c2ccc(N3CCN(c4ccc(OC[C@H]5CO[C@](Cn6cncn6)(c6ccc(Cl)cc6Cl)O5)cc4)CC3)cc2)c1=O,0,0.1928966050681601,0.3586483597755432,0.2895306646823883,0.2423111349344253,0.4051252603530884,0.2171469181776046,0.2835604548454284,0.5335885286331177,0.2149819135665893,0.4507644772529602,0.4679768979549408,0.2259906530380249,0.104706466,0.029926836,-0.46249637,-0.6438869
CN[C@H]1CC[C@@H](c2ccc(Cl)c(Cl)c2)c2ccccc21,VGKDLMBJGBXTGI-SJCJKPOMSA-N,CN[C@H]1CC[C@@H](c2ccc(Cl)c(Cl)c2)c2ccccc21,1,0.4791838072542454,0.798961341381073,0.6823122501373291,0.6496360301971436,0.6086429953575134,0.6730043292045593,0.6353254914283752,0.561719536781311,0.7319813370704651,0.5125209093093872,0.684386134147644,0.5295721292495728,0.1716482,0.012943029,-0.21843785,-0.6352346
CC(C)CN(C[C@@H](O)[C@H](Cc1ccccc1)NC(=O)O[C@H]1CCOC1)S(=O)(=O)c1ccc(N)cc1,YMARZQAQMVYCKC-OEMFJLHTSA-N,CC(C)CN(C[C@@H](O)[C@H](Cc1ccccc1)NC(=O)O[C@H]1CCOC1)S(=O)(=O)c1ccc(N)cc1,1,0.2760805612795469,0.5761203765869141,0.2912546694278717,0.5899195671081543,0.3755182921886444,0.4451241791248321,0.2731862366199493,0.5704210996627808,0.404240608215332,0.5085268616676331,0.234666109085083,0.3802432119846344,0.35715634,0.5783603,0.05267425,-0.30355343
COc1ccc2c(c1)[C@@]13CCCC[C@H]1[C@@H](C2)N(C)CC3,MKXZASYAUGDDCJ-CGTJXYLNSA-N,COc1ccc2c(c1)[C@@]13CCCC[C@H]1[C@@H](C2)N(C)CC3,1,0.6005052049594735,0.8358161449432373,0.7414500713348389,0.8701393008232117,0.8079069256782532,0.8385925889015198,0.8109402656555176,0.8163169622421265,0.8442975282669067,0.8498690724372864,0.7997174263000488,0.7789705991744995,0.3947962,-0.06508154,0.10129982,-0.58011913
Cc1onc(-c2ccccc2)c1-c1ccc(S(N)(=O)=O)cc1,LNPDTQAFDNKSHK-UHFFFAOYSA-N,Cc1onc(-c2ccccc2)c1-c1ccc(S(N)(=O)=O)cc1,1,0.1213705761283987,0.3844614923000335,0.4123547375202179,0.2525884509086609,0.4295493364334106,0.3407728970050812,0.2372261136770248,0.2156798392534256,0.3320023417472839,0.1637881845235824,0.1332786381244659,0.2911220192909241,-0.21243641,0.7891686,-0.3036452,-0.41590074
CCC(=O)NS(=O)(=O)c1ccc(-c2c(-c3ccccc3)noc2C)cc1,TZRHLKRLEZJVIJ-UHFFFAOYSA-N,CCC(=O)NS(=O)(=O)c1ccc(-c2c(-c3ccccc3)noc2C)cc1,0,0.1054902701464316,0.2496962994337082,0.3558094799518585,0.1457828432321548,0.3176874220371246,0.287745326757431,0.1600003540515899,0.1650357246398925,0.2650474905967712,0.1789781153202057,0.1794126480817794,0.2266094237565994,-0.29675338,0.73575985,-0.46146083,-0.044746533
C#C[C@]1(O)CC[C@H]2[C@@H]3CCc4cc(O)ccc4[C@H]3CC[C@@]21C,BFPYWIDHMRZLRN-SLHNCBLASA-N,C#C[C@]1(O)CC[C@H]2[C@@H]3CCc4cc(O)ccc4[C@H]3CC[C@@]21C,0,0.212436354535407,0.405864953994751,0.300612062215805,0.4692188501358032,0.5727195739746094,0.4584793448448181,0.465666115283966,0.3550870716571808,0.541386604309082,0.3832249641418457,0.5315657258033752,0.3565490543842315,0.4330204,-0.4455722,-0.1698457,-0.5928486
C#C[C@]1(O)CC[C@H]2[C@@H]3CCc4cc(OC)ccc4[C@H]3CC[C@@]21C,IMSSROKUHAOUJS-MJCUULBUSA-N,C#C[C@]1(O)CC[C@H]2[C@@H]3CCc4cc(OC)ccc4[C@H]3CC[C@@]21C,0,0.2608005116537685,0.397417277097702,0.3078725337982178,0.5849303007125854,0.6410043835639954,0.4884683489799499,0.4866620898246765,0.4473324418067932,0.5446638464927673,0.4342333376407623,0.5619916915893555,0.4470956921577453,0.33989322,-0.23732838,-0.06417124,-0.51496756
C[C@]12CC[C@@H]3c4ccc(O)cc4CC[C@H]3[C@@H]1CC[C@@H]2O,VOXZDWNPVJITMN-ZBRFXRBCSA-N,C[C@]12CC[C@@H]3c4ccc(O)cc4CC[C@H]3[C@@H]1CC[C@@H]2O,1,0.4190218521554909,0.428658664226532,0.3493015766143799,0.574245810508728,0.6112447381019592,0.6056632399559021,0.5158982276916504,0.6264683604240417,0.7067206501960754,0.5645835399627686,0.7206891775131226,0.5053471326828003,0.4194734,-0.44612437,-0.02158904,-0.5648105
COc1cc([C@@H]2c3cc4c(cc3[C@@H](O[C@@H]3O[C@@H]5CO[C@@H](C)O[C@H]5[C@H](O)[C@H]3O)[C@H]3COC(=O)[C@H]23)OCO4)cc(OC)c1O,VJJPUSNTGOMMGY-MRVIYFEKSA-N,COc1cc([C@@H]2c3cc4c(cc3[C@@H](O[C@@H]3O[C@@H]5CO[C@@H](C)O[C@H]5[C@H](O)[C@H]3O)[C@H]3COC(=O)[C@H]23)OCO4)cc(OC)c1O,0,0.1007672585768934,0.2356022447347641,0.2523469030857086,0.1120870411396026,0.2497489899396896,0.2024158537387848,0.1436620950698852,0.2594651281833648,0.1809179484844207,0.2936357259750366,0.1228367611765861,0.1374224722385406,0.025791824,-0.743556,-0.2577526,-0.2932167
C[C@@H](Cc1ccccc1)N(C)Cc1ccccc1,YXKTVDFXDRQTKV-HNNXBMFYSA-N,C[C@@H](Cc1ccccc1)N(C)Cc1ccccc1,0,0.5651945098839489,0.8151229023933411,0.5306861400604248,0.6286982297897339,0.7342579364776611,0.6879153251647949,0.8096211552619934,0.8365848660469055,0.7824513912200928,0.6985507011413574,0.827778160572052,0.7786511182785034,0.23295945,0.17276055,-0.027879253,-0.44501504
Cn1cc([S@H](C)=O)c(=O)c2ccc(F)cc21,IXFTZPSCDQWGKR-UHFFFAOYSA-N,Cn1cc([S@H+](C)[O-])c(=O)c2ccc(F)cc21,0,0.1827458799642945,0.3279367983341217,0.4172649085521698,0.4492229521274566,0.4881245493888855,0.427062839269638,0.3644843399524688,0.4986529350280761,0.2575039267539978,0.5299898982048035,0.1996300816535949,0.2281143516302108,-0.11904457,-0.6122191,-0.20522493,-0.3765545
CN1[C@H]2CC[C@@H]1CC(OC(=O)c1c[nH]c3ccccc13)C2,ZNRGQMMCGHDTEI-FUNVUKJBSA-N,CN1[C@@H]2CC[C@H]1CC(OC(=O)c1c[nH]c3ccccc13)C2,1,0.4207445460381587,0.7770422101020813,0.6331540942192078,0.544554591178894,0.6099380254745483,0.568541944026947,0.5594260692596436,0.5088189840316772,0.6787620186805725,0.5288540720939636,0.6270502805709839,0.4740298092365265,0.41724038,-0.37631115,-0.17296556,-0.3689606
COC(=O)[C@H]1[C@@H](O)CC[C@H]2CN3CCc4c([nH]c5ccccc45)[C@@H]3C[C@@H]21,BLGXFZZNTVWLAY-SCYLSFHTSA-N,COC(=O)[C@@H]1[C@H]2C[C@H]3c4[nH]c5ccccc5c4CCN3C[C@@H]2CC[C@@H]1O,1,0.431016907583247,0.7468055486679077,0.6353151798248291,0.493207573890686,0.585899293422699,0.6178073287010193,0.4815511405467987,0.5033410787582397,0.6493940949440002,0.5959605574607849,0.6991003751754761,0.5908528566360474,0.19521886,0.06971562,-0.18084389,-0.55222934
COC(=O)[C@@H]1CC2=CC(=O)CC[C@]2(C)[C@@]23O[C@@H]2C[C@@]2(C)[C@@H](CC[C@@]24CCC(=O)O4)[C@H]13,JUKPWJGBANNWMW-VWBFHTRKSA-N,COC(=O)[C@@H]1CC2=CC(=O)CC[C@]2(C)[C@@]23O[C@@H]2C[C@@]2(C)[C@@H](CC[C@@]24CCC(=O)O4)[C@H]13,0,0.1180620093301114,0.2642749547958374,0.3348722457885742,0.1069854944944381,0.3306412398815155,0.1787346303462982,0.1361354291439056,0.3629661202430725,0.3759187757968902,0.3277918100357055,0.2532874941825866,0.1590324491262436,0.17428643,-0.9382201,-0.4312512,-0.39984852
Nc1ccc(S(=O)(=O)Nc2ccccn2)cc1,GECHUMIMRBOMGK-UHFFFAOYSA-N,Nc1ccc(S(=O)(=O)Nc2ccccn2)cc1,0,0.1173800113963315,0.2851578891277313,0.2522592842578888,0.2166573107242584,0.3504109978675842,0.3048008382320404,0.2182338684797287,0.2071302086114883,0.2900626957416534,0.3931618630886078,0.2829032838344574,0.3147641718387604,-0.009138286,0.87648344,-0.23438214,-0.5458262
COC(=O)[C@H](c1ccccc1Cl)N1CCc2sccc2C1,GKTWGGQPFAXNFI-HNNXBMFYSA-N,COC(=O)[C@H](c1ccccc1Cl)N1CCc2sccc2C1,0,0.3942141464648306,0.6790896654129028,0.45257368683815,0.4543702006340027,0.5012750625610352,0.369064062833786,0.5287214517593384,0.6147539615631104,0.7278655171394348,0.6285754442214966,0.7346407771110535,0.5199747681617737,-0.37436584,0.052980244,-0.17465216,-0.0033807755
Clc1ccccc1CN1CCc2sccc2C1,PHWBOXQYWZNQIN-UHFFFAOYSA-N,Clc1ccccc1CN1CCc2sccc2C1,0,0.511965170962562,0.7725921273231506,0.5634192824363708,0.6823880672454834,0.5840694904327393,0.5482033491134644,0.7394269108772278,0.6626061201095581,0.8228952884674072,0.6487654447555542,0.8215290307998657,0.6297226548194885,0.18798971,0.10860568,-0.09905023,-0.12574312
CC(C)NC[C@H](O)COc1cccc2ccccc12,AQHHHDLHHXJYJD-AWEZNQCLSA-N,CC(C)NC[C@H](O)COc1cccc2ccccc12,1,0.5712710762634127,0.796298086643219,0.7236731648445129,0.6784783005714417,0.6671756505966187,0.8495609164237976,0.7031416893005371,0.7781915068626404,0.8381462693214417,0.6908583045005798,0.8802111148834229,0.7175620198249817,-0.3949915,-0.729318,-0.11749536,-0.39792293
CNC(=O)Oc1cccc2ccccc12,CVXBEEMKQHEXEN-UHFFFAOYSA-N,CNC(=O)Oc1cccc2ccccc12,1,0.3724612305076639,0.4082205891609192,0.560427725315094,0.3034738898277282,0.5400710105895996,0.6423781514167786,0.4680002927780151,0.6653464436531067,0.551201581954956,0.5236998796463013,0.5736930966377258,0.4910454452037811,-0.72842264,0.06165445,-0.35280955,-0.22440395
COc1ccc2cc([C@H](C)C(=O)O)ccc2c1,CMWTZPSULFXXJA-VIFPVBQESA-N,COc1ccc2cc([C@H](C)C(=O)O)ccc2c1,0,0.143054824538479,0.3783848285675049,0.2990102469921112,0.1950739324092865,0.4529828727245331,0.3277826011180877,0.2323144674301147,0.3286815881729126,0.4679774940013885,0.3676753342151642,0.3859046399593353,0.392926961183548,-0.7266912,-0.11890358,-0.42932856,-0.17343774
CN(C/C=C/C#CC(C)(C)C)Cc1cccc2ccccc12,DOMXUEMWDBAQBQ-WEVVVXLNSA-N,CN(C/C=C/C#CC(C)(C)C)Cc1cccc2ccccc12,0,0.4891790193159167,0.6338581442832947,0.4444196820259094,0.4242509007453918,0.694375216960907,0.6562420725822449,0.6965732574462891,0.7135245203971863,0.8162677884101868,0.6531643867492676,0.8941253423690796,0.674098014831543,-0.15975626,-0.52775997,-0.30289996,-0.44523987
Clc1ccc([C@@H](Cn2ccnc2)OCc2ccsc2Cl)c(Cl)c1,QXHHHPZILQDDPS-OAHLLOKOSA-N,Clc1ccc([C@@H](Cn2ccnc2)OCc2ccsc2Cl)c(Cl)c1,0,0.1223507856074429,0.2574286460876465,0.2651825547218323,0.2517260015010834,0.3361179828643799,0.2366427034139633,0.3448511958122253,0.2634321451187134,0.4854867458343506,0.324612557888031,0.3723919093608856,0.235323965549469,-0.35600728,-0.62921584,-0.26835364,-0.68895996
C[C@H](CO)NC(=O)[C@@H]1C=C2c3cccc4[nH]cc(c34)C[C@H]2N(C)C1,WVVSZNPYNCNODU-CJBNDPTMSA-N,C[C@H](CO)NC(=O)[C@@H]1C=C2c3cccc4[nH]cc(c34)C[C@H]2N(C)C1,0,0.4118316972785373,0.738359808921814,0.6956954598426819,0.5177447199821472,0.597980260848999,0.630638837814331,0.5666940212249756,0.4231226742267608,0.595028817653656,0.633724570274353,0.6134775876998901,0.6048905849456787,0.37765378,0.0053148866,-0.11816113,-0.75845724
CCN(CC)C(=O)N[C@H]1C=C2c3cccc4[nH]cc(c34)C[C@H]2N(C)C1,BKRGVLQUQGGVSM-KBXCAEBGSA-N,CCN(CC)C(=O)N[C@H]1C=C2c3cccc4[nH]cc(c34)C[C@H]2N(C)C1,1,0.4473327786018141,0.7655749917030334,0.5819689035415649,0.6233242154121399,0.6275009512901306,0.6996632218360901,0.7679463624954224,0.4755818843841553,0.6143250465393066,0.6020222902297974,0.7142080664634705,0.658380925655365,0.19381326,-0.060724378,-0.07234498,-0.6621516
COc1ccc([C@H](CN(C)C)C2(O)CCCCC2)cc1,PNVNVHUZROJLTJ-INIZCTEOSA-N,COc1ccc([C@H](CN(C)C)C2(O)CCCCC2)cc1,1,0.5544338598793193,0.78725266456604,0.5560742020606995,0.8288096189498901,0.7439338564872742,0.6578590869903564,0.810023307800293,0.792578935623169,0.731391429901123,0.7150872349739075,0.7034169435501099,0.6870611310005188,0.39783078,0.128016,0.22179294,-0.4270468
CO[C@H]1C=CO[C@@]2(C)Oc3c(C)c(O)c4c(O)c(c(/C=N\N5CCN(C6CCCC6)CC5)c(O)c4c3C2=O)NC(=O)C(C)=CC=C[C@H](C)[C@H](O)[C@@H](C)[C@@H](O)[C@@H](C)[C@H](OC(C)=O)[C@H]1C,WDZCUPBHRAEYDL-HLCBKNRXSA-N,CO[C@H]1C=CO[C@@]2(C)Oc3c(C)c(O)c4c(O)c(c(/C=N\N5CCN(C6CCCC6)CC5)c(O)c4c3C2=O)NC(=O)C(C)=CC=C[C@H](C)[C@H](O)[C@@H](C)[C@@H](O)[C@@H](C)[C@H](OC(C)=O)[C@H]1C,0,0.0976248165540364,0.2639333307743072,0.27179816365242,0.2158809900283813,0.0671035051345825,0.1701259613037109,0.0697552040219307,0.213965967297554,0.1022431328892707,0.3478065431118011,0.0613629780709743,0.1072566360235214,-0.1709334,-0.56362057,-0.49756104,-0.5691943
CC(C)(C)NC[C@H](O)COc1cccc2c1CCC(=O)N2,LWAFSWPYPHEXKX-NSHDSACASA-N,CC(C)(C)NC[C@H](O)COc1cccc2c1CCC(=O)N2,1,0.5318266566803325,0.7176192402839661,0.6718543171882629,0.5802291631698608,0.6902144551277161,0.7838217616081238,0.6128684282302856,0.7401660680770874,0.7602948546409607,0.5466299653053284,0.7686961889266968,0.6865168809890747,0.3168525,0.09903723,-0.06634127,-0.2848964
Cc1nnc(NS(=O)(=O)c2ccc(N)cc2)s1,VACCAVUAMIDAGB-UHFFFAOYSA-N,Cc1nnc(NS(=O)(=O)c2ccc(N)cc2)s1,0,0.1039600964772102,0.2312430888414383,0.2038916796445846,0.2228356301784515,0.3187277913093567,0.2369786649942398,0.1945680826902389,0.2211615592241287,0.2890456914901733,0.264299064874649,0.140101358294487,0.2066253125667572,-0.04472071,0.8418349,-0.33867165,-0.2772246
Cc1cccc(Nc2ccccc2C(=O)O)c1C,HYYBABOKPJLUIN-UHFFFAOYSA-N,Cc1cccc(Nc2ccccc2C(=O)O)c1C,0,0.2289995121111255,0.4051671326160431,0.3921790421009063,0.3390127718448639,0.3573837876319885,0.3708353042602539,0.2772054672241211,0.5182954668998718,0.5175561904907227,0.3100842833518982,0.5095710158348083,0.2810827791690826,-0.6339287,0.028706074,-0.34516737,-0.12796909
O=C(O)Cc1ccccc1Nc1c(Cl)cccc1Cl,DCOPUUMXTXDBNB-UHFFFAOYSA-N,O=C(O)Cc1ccccc1Nc1c(Cl)cccc1Cl,0,0.2555398302387515,0.4447915852069855,0.2834053635597229,0.3465814590454101,0.3678722977638244,0.3203374147415161,0.2038004398345947,0.6604541540145874,0.6290504932403564,0.3222430944442749,0.5653374195098877,0.2253794968128204,-0.7567925,-0.04153627,-0.23458318,-0.22850436
O=C(O)COC(=O)Cc1ccccc1Nc1c(Cl)cccc1Cl,MNIPYSSQXLZQLJ-UHFFFAOYSA-N,O=C(O)COC(=O)Cc1ccccc1Nc1c(Cl)cccc1Cl,0,0.1834450393510063,0.3999226093292236,0.2737016677856445,0.2350794821977615,0.2645967900753021,0.1910201460123062,0.0945994555950164,0.5099066495895386,0.4969068467617035,0.3022986352443695,0.4468060731887817,0.1378752589225769,-0.7462226,-0.04314053,-0.29328102,-0.12114137
O=C(O)c1ccccc1Nc1cccc(C(F)(F)F)c1,LPEPZBJOKDYZAD-UHFFFAOYSA-N,O=C(O)c1ccccc1Nc1cccc(C(F)(F)F)c1,0,0.1629756088359234,0.3472375273704529,0.3335804343223572,0.3222688734531402,0.3041406273841858,0.3415811955928802,0.2870074212551117,0.4531435072422027,0.5032509565353394,0.3195823132991791,0.4539178609848022,0.2600775361061096,-0.7136262,-0.021469355,-0.35468692,-0.013101503
COc1ccc2c3c1O[C@H]1[C@@H](O)CC[C@H]4[C@@H](C2)N(C)CC[C@]314,RBOXVHNMENFORY-DNJOTXNNSA-N,COc1ccc2c3c1O[C@H]1[C@@H](O)CC[C@H]4[C@@H](C2)N(C)CC[C@@]341,1,0.6000312369868631,0.8443764448165894,0.7215227484703064,0.8699716329574585,0.7652579545974731,0.8091492652893066,0.7213675379753113,0.8648940324783325,0.8643620610237122,0.8067219853401184,0.851285994052887,0.7795524597167969,0.45100856,-0.06282413,0.120317996,-0.48059234
OCCN1CCN(CCCN2c3ccccc3C=Cc3ccccc32)CC1,YNZFUWZUGRBMHL-UHFFFAOYSA-N,OCCN1CCN(CCCN2c3ccccc3C=Cc3ccccc32)CC1,1,0.6086831313826634,0.8766170144081116,0.7837631702423096,0.6708881258964539,0.853395402431488,0.8142179250717163,0.8639221787452698,0.9063360691070556,0.7941069006919861,0.8294137716293335,0.8666471242904663,0.8109782338142395,0.19214201,0.14728433,-0.2908196,-0.30776215
CC(C)Oc1ccc2c(=O)c(-c3ccccc3)coc2c1,SFBODOKJTYAUCM-UHFFFAOYSA-N,CC(C)Oc1ccc2c(=O)c(-c3ccccc3)coc2c1,0,0.2077414578215612,0.3596742749214172,0.473477154970169,0.2260124385356903,0.5438589453697205,0.4304125905036926,0.4320608377456665,0.46132493019104,0.4170624613761902,0.2127619832754135,0.5526699423789978,0.424630731344223,-0.8190022,-0.2437475,-0.54493123,0.25004014
CN1CCN(C2=Nc3cc(Cl)ccc3Nc3ccccc32)CC1,QZUDBNBUXVUHMW-UHFFFAOYSA-N,CN1CCN(C2=Nc3cc(Cl)ccc3Nc3ccccc32)CC1,1,0.5702622373968995,0.8651585578918457,0.725460410118103,0.8042797446250916,0.75528484582901,0.7901222109794617,0.7882819175720215,0.694318413734436,0.6691589951515198,0.672202467918396,0.8901095390319824,0.7682461738586426,0.277018,-0.2716323,-0.33568752,-0.39954966
COc1ccc(Cl)cc1C(=O)NCCc1ccc(S(=O)(=O)NC(=O)NC2CCCCC2)cc1,ZNNLBTZKUZBEKO-UHFFFAOYSA-N,COc1ccc(Cl)cc1C(=O)NCCc1ccc(S(=O)(=O)NC(=O)NC2CCCCC2)cc1,0,0.1174480997751449,0.3398689925670624,0.4042780995368957,0.07209163159132,0.2773559987545013,0.2581316530704498,0.2319580465555191,0.2578954398632049,0.3452823758125305,0.4128185212612152,0.2146244645118713,0.2032885700464248,-0.0058310926,0.6777587,-0.75530887,-0.058772802
CCC1=C[C@@H]2CN(C1)Cc1c([nH]c3ccccc13)[C@@](C(=O)OC)(c1cc3c(cc1OC)N(C)[C@H]1[C@@](O)(C(=O)OC)[C@H](OC(C)=O)[C@]4(CC)C=CCN5CC[C@]31[C@@H]54)C2,GBABOYUKABKIAF-IELIFDKJSA-N,CCC1=C[C@@H]2CN(C1)Cc1c([nH]c3ccccc13)[C@@](C(=O)OC)(c1cc3c(cc1OC)N(C)[C@H]1[C@@](O)(C(=O)OC)[C@H](OC(C)=O)[C@]4(CC)C=CCN5CC[C@]31[C@@H]54)C2,1,0.1221104052114397,0.3955780863761902,0.3233702778816223,0.1797893941402435,0.3870427012443542,0.2739423215389251,0.2246815860271453,0.2572389543056488,0.3737381398677826,0.4539588391780853,0.2526708245277405,0.1658235043287277,-0.256483,-0.72004116,-0.23442006,-0.3986761
Cc1nc2n(c(=O)c1CCN1CCC(c3noc4cc(F)ccc34)CC1)CCCC2,RAPZEAPATHNIPO-UHFFFAOYSA-N,Cc1nc2n(c(=O)c1CCN1CCC(c3noc4cc(F)ccc34)CC1)CCCC2,1,0.4983838173882081,0.847866415977478,0.7130197882652283,0.6773681044578552,0.6212129592895508,0.6104914546012878,0.5861527919769287,0.7359721064567566,0.5350180268287659,0.5294243693351746,0.5350154042243958,0.5976486802101135,0.40105796,0.0026059747,-0.084138036,-0.26467687
CC[C@H](C)C(=O)O[C@H]1C[C@H](O)C=C2C=C[C@H](C)[C@H](CC[C@@H](O)C[C@@H](O)CC(=O)O)[C@H]21,TUZYXOIXSAXUGO-PZAWKZKUSA-N,CC[C@H](C)C(=O)O[C@H]1C[C@H](O)C=C2C=C[C@H](C)[C@H](CC[C@@H](O)C[C@@H](O)CC(=O)O)[C@H]21,0,0.1023276487658332,0.2865625023841858,0.3179534077644348,0.1009474471211433,0.1577264070510864,0.2619826197624206,0.0465111024677753,0.2348044514656067,0.1936939358711242,0.2508419454097748,0.1098966374993324,0.2148093283176422,0.32112908,-0.3887044,-0.24118218,-0.44591784
CC(C)c1nc(N(C)S(C)(=O)=O)nc(-c2ccc(F)cc2)c1CC[C@@H](O)C[C@@H](O)CC(=O)O,ZVPAUNJUMAQCNK-IAGOWNOFSA-N,CC(C)c1nc(N(C)S(C)(=O)=O)nc(-c2ccc(F)cc2)c1CC[C@@H](O)C[C@@H](O)CC(=O)O,0,0.1399976751602654,0.3963497877120971,0.3648044168949127,0.4082076251506805,0.1834354251623153,0.320513367652893,0.055285308510065,0.4356643259525299,0.2816849052906036,0.4237293899059295,0.1406756490468979,0.2541296780109405,-0.7496816,-0.3798715,-0.45677844,0.07433331
CC[C@H]1OC(=O)[C@H](C)[C@@H](O[C@H]2C[C@@](C)(OC)[C@@H](O)[C@H](C)O2)[C@H](C)[C@@H](O[C@@H]2O[C@H](C)C[C@H](N(C)C)[C@H]2O)[C@](C)(OC)C[C@@H](C)C(=O)[C@H](C)[C@@H](O)[C@]1(C)O,AGOYDEPGAOXOCK-KCBOHYOISA-N,CC[C@H]1OC(=O)[C@H](C)[C@@H](O[C@H]2C[C@@](C)(OC)[C@@H](O)[C@H](C)O2)[C@H](C)[C@@H](O[C@@H]2O[C@H](C)C[C@H](N(C)C)[C@H]2O)[C@](C)(OC)C[C@@H](C)C(=O)[C@H](C)[C@@H](O)[C@]1(C)O,0,0.0984063923134585,0.3031602203845978,0.1765487343072891,0.1282722055912017,0.1543357074260711,0.2147966027259826,0.1705009192228317,0.2196693271398544,0.1288429051637649,0.2605583965778351,0.0978149101138114,0.1587937325239181,0.33969295,-0.4741155,-0.32129496,-0.45977747
CC[C@H]1OC(=O)[C@H](C)[C@@H](O[C@H]2C[C@@](C)(OC)[C@@H](O)[C@H](C)O2)[C@H](C)[C@@H](O[C@@H]2O[C@H](C)C[C@H](N(C)C)[C@H]2O)[C@](C)(O)C[C@@H](C)C(=O)[C@H](C)[C@@H](O)[C@]1(C)O,ULGZDMOVFRHVEP-RWJQBGPGSA-N,CC[C@H]1OC(=O)[C@H](C)[C@@H](O[C@H]2C[C@@](C)(OC)[C@@H](O)[C@H](C)O2)[C@H](C)[C@@H](O[C@@H]2O[C@H](C)C[C@H](N(C)C)[C@H]2O)[C@](C)(O)C[C@@H](C)C(=O)[C@H](C)[C@@H](O)[C@]1(C)O,0,0.0974228223049304,0.3355284333229065,0.1639052927494049,0.13238325715065,0.1355722099542617,0.2050366848707199,0.1529043316841125,0.1748100668191909,0.1366477608680725,0.2543613910675049,0.0978149101138114,0.1548871397972107,0.33785707,-0.42811182,-0.2746691,-0.4657153
CC[C@H]1OC(=O)[C@H](C)[C@@H](O[C@H]2C[C@@](C)(OC)[C@@H](O)[C@H](C)O2)[C@H](C)[C@@H](O[C@@H]2O[C@H](C)C[C@H](N(C)C)[C@H]2O)[C@](C)(O)C[C@](C)(F)C(=O)[C@H](C)[C@@H](O)[C@]1(C)O,XOEUHCONYHZURQ-HNUBZJOYSA-N,CC[C@H]1OC(=O)[C@H](C)[C@@H](O[C@H]2C[C@@](C)(OC)[C@@H](O)[C@H](C)O2)[C@H](C)[C@@H](O[C@@H]2O[C@H](C)C[C@H](N(C)C)[C@H]2O)[C@](C)(O)C[C@](C)(F)C(=O)[C@H](C)[C@@H](O)[C@]1(C)O,0,0.0954360929419989,0.2827505469322204,0.1859353631734848,0.1351005882024765,0.1250404119491577,0.18202705681324,0.145536720752716,0.1724529862403869,0.1171404719352722,0.2357823550701141,0.0978149101138114,0.1477397084236145,0.35490143,-0.45729107,-0.28908014,-0.4531124
CC(C)C1CCC(C(=O)N[C@H](Cc2ccccc2)C(=O)O)CC1,OELFLUMRDSZNSF-OFLPRAFFSA-N,CC(C)C1CCC(C(=O)N[C@H](Cc2ccccc2)C(=O)O)CC1,0,0.1942905406158994,0.4440301358699798,0.3782579898834228,0.3115495443344116,0.3785808384418487,0.4580573737621307,0.3407627940177917,0.4678618609905243,0.4334034323692322,0.4198262393474579,0.5720549821853638,0.3496603071689605,0.34681857,-0.0022944212,-0.18586552,-0.48343194
Nc1c(Br)cc(Br)cc1CNC1CCC(O)CC1,JBDGDEWWOUBZPM-UHFFFAOYSA-N,Nc1c(Br)cc(Br)cc1CNC1CCC(O)CC1,0,0.3977501556378564,0.6611906886100769,0.5375769734382629,0.5507229566574097,0.5579735636711121,0.5484388470649719,0.677566647529602,0.4755629003047943,0.7207798957824707,0.5919204354286194,0.6010789275169373,0.5054126977920532,0.4125107,-0.376458,-0.15100373,-0.44834515
COc1ccc(Cc2nccc3cc(OC)c(OC)cc23)cc1OC,XQYZDYMELSJDRZ-UHFFFAOYSA-N,COc1ccc(Cc2nccc3cc(OC)c(OC)cc23)cc1OC,1,0.3566680845569758,0.5700311064720154,0.4438568651676178,0.3821714222431183,0.6194491386413574,0.4482826590538025,0.5372823476791382,0.5459719896316528,0.6936674118041992,0.4128841161727905,0.6379722952842712,0.5415669083595276,-0.21504317,-0.059419334,-0.35929206,-0.35259014
CNCCCC12CCC(c3ccccc31)c1ccccc12,QSLMDECMDJKHMQ-UHFFFAOYSA-N,CNCCCC12CCC(c3ccccc31)c1ccccc12,1,0.544672966562381,0.8746122121810913,0.6720768809318542,0.7512183785438538,0.7413048148155212,0.6776086688041687,0.8212211728096008,0.6213943958282471,0.7777526378631592,0.7271270155906677,0.8105204105377197,0.6788265109062195,-0.22353935,0.18806374,-0.20833236,-0.55818355
CN1C(=O)CC[C@H]1c1cccnc1,UIKROCXWUNQSPJ-VIFPVBQESA-N,CN1C(=O)CC[C@H]1c1cccnc1,0,0.3058142718689479,0.4837597012519836,0.538210928440094,0.4333532452583313,0.6125161051750183,0.5204611420631409,0.5345308780670166,0.487215131521225,0.5397101044654846,0.4165937602519989,0.4656732380390167,0.5027900338172913,0.49598783,-0.056340158,0.060584426,-0.7921826
Clc1ccccc1C(c1ccccc1)(c1ccccc1)n1ccnc1,VNFPBHJOKIVQEB-UHFFFAOYSA-N,Clc1ccccc1C(c1ccccc1)(c1ccccc1)n1ccnc1,0,0.1559561090853883,0.3072879612445831,0.346560537815094,0.3025696277618408,0.5192282795906067,0.2620614767074585,0.461462914943695,0.3808972537517547,0.4345527589321136,0.2572494149208069,0.3639310002326965,0.3260774612426758,-0.4506936,0.29562163,-0.24089019,-0.61182266
C[C@H]1C[C@H]2[C@@H]3CCC4=CC(=O)C=C[C@]4(C)[C@@]3(F)[C@@H](O)C[C@]2(C)[C@@]1(O)C(=O)CO,UREBDLICKHMUKA-DVTGEIKXSA-N,C[C@H]1C[C@H]2[C@@H]3CCC4=CC(=O)C=C[C@]4(C)[C@@]3(F)[C@@H](O)C[C@]2(C)[C@@]1(O)C(=O)CO,0,0.1044223537739357,0.3263247013092041,0.3023258447647095,0.225399300456047,0.1947955936193466,0.2055473774671554,0.1432212889194488,0.274887353181839,0.2074658423662185,0.2505043745040893,0.1660259366035461,0.1483284831047058,0.41985387,-0.47663945,-0.2272012,-0.6375646
C[C@]12C[C@H](O)[C@H]3[C@@H](CCC4=CC(=O)C=C[C@@]43C)[C@@H]1CC[C@]2(O)C(=O)CO,OIGNJSKKLXVSLS-VWUMJDOOSA-N,C[C@]12C=CC(=O)C=C1CC[C@@H]1[C@@H]2[C@@H](O)C[C@@]2(C)[C@H]1CC[C@]2(O)C(=O)CO,0,0.1030965969564207,0.3177400231361389,0.2948440909385681,0.2193920016288757,0.252478152513504,0.2287492454051971,0.1336082518100738,0.196622610092163,0.2568990886211395,0.2775216698646545,0.1405415683984756,0.1821483522653579,0.40187705,-0.4889329,-0.20539308,-0.5146782
C[C@@H]1C[C@H]2[C@@H]3CCC4=CC(=O)C=C[C@]4(C)[C@@]3(F)[C@@H](O)C[C@]2(C)[C@@]1(O)C(=O)CO,UREBDLICKHMUKA-CXSFZGCWSA-N,C[C@@H]1C[C@H]2[C@@H]3CCC4=CC(=O)C=C[C@]4(C)[C@@]3(F)[C@@H](O)C[C@]2(C)[C@@]1(O)C(=O)CO,0,0.104431429452086,0.3263247013092041,0.3037320077419281,0.225399300456047,0.1947955936193466,0.2045390158891677,0.1432212889194488,0.274887353181839,0.2074658423662185,0.2505043745040893,0.1660259366035461,0.1482070833444595,0.41985387,-0.47663945,-0.2272012,-0.6375646
CCC(=O)O[C@]1(C(=O)SCF)[C@H](C)C[C@H]2[C@@H]3C[C@H](F)C4=CC(=O)C=C[C@]4(C)[C@@]3(F)[C@@H](O)C[C@@]21C,WMWTYOKRWGGJOA-CENSZEJFSA-N,CCC(=O)O[C@]1(C(=O)SCF)[C@H](C)C[C@H]2[C@@H]3C[C@H](F)C4=CC(=O)C=C[C@]4(C)[C@@]3(F)[C@@H](O)C[C@@]21C,0,0.1044097625030858,0.2459105104207992,0.2776621282100677,0.1626283079385757,0.1622586697340011,0.1817946881055832,0.1128149479627609,0.3434655666351318,0.1428127288818359,0.2484180033206939,0.0670304000377655,0.0991929396986961,0.42999983,-0.44809556,-0.38319337,-0.574456
C[C@H]1C[C@H]2[C@@H]3CC[C@](O)(C(=O)CO)[C@@]3(C)C[C@H](O)[C@@H]2[C@@]2(C)C=CC(=O)C=C12,VHRSUDSXCMQTMA-PJHHCJLFSA-N,C[C@H]1C[C@@H]2[C@H]([C@@H](O)C[C@@]3(C)[C@H]2CC[C@]3(O)C(=O)CO)[C@@]2(C)C=CC(=O)C=C12,0,0.1011329454313852,0.3023509383201599,0.2953348457813263,0.1805357933044433,0.244010716676712,0.2260209769010543,0.1378042995929718,0.1821256279945373,0.2336448431015014,0.2306300997734069,0.1308699995279312,0.1873588562011718,0.38700777,-0.50809366,-0.19579408,-0.5567355
C[C@]12C=CC(=O)C=C1CC[C@@H]1[C@@H]2CC[C@]2(C)[C@@H](O)CC[C@@H]12,RSIHSRDYCUFFLA-DYKIIFRCSA-N,C[C@]12CC[C@H]3[C@@H](CCC4=CC(=O)C=C[C@@]43C)[C@@H]1CC[C@@H]2O,0,0.2185462802605432,0.4491903781890869,0.3026295304298401,0.4345887005329132,0.4184220731258392,0.4226152896881103,0.3114984631538391,0.5090816020965576,0.3696641623973846,0.3901379406452179,0.4009442627429962,0.4519279897212982,0.42669433,-0.45316023,-0.24345851,-0.47837746
C[C@H]1C[C@H]2[C@@H]3CCC4=CC(=O)C=C[C@]4(C)[C@@]3(Cl)[C@@H](O)C[C@]2(C)[C@@]1(O)C(=O)CO,NBMKJKDGKREAPL-DVTGEIKXSA-N,C[C@H]1C[C@H]2[C@@H]3CCC4=CC(=O)C=C[C@]4(C)[C@@]3(Cl)[C@@H](O)C[C@]2(C)[C@@]1(O)C(=O)CO,0,0.1019256973595958,0.2978248298168182,0.2540381252765655,0.2288201749324798,0.2020358443260193,0.2155754268169403,0.1207072958350181,0.2529108226299286,0.2185546308755874,0.2218107432126999,0.1687793731689453,0.1504093259572982,0.4215145,-0.4804433,-0.27866215,-0.5605203
CCn1cc(C(=O)O)c(=O)c2cc(F)c(N3CCN[C@H](C)C3)c(F)c21,ZEKZLJVOYLTDKK-SECBINFHSA-N,CCn1cc(C(=O)O)c(=O)c2cc(F)c(N3CCN[C@H](C)C3)c(F)c21,0,0.112791681563415,0.3450677394866943,0.1583546996116638,0.2493839263916015,0.2867408692836761,0.1888523548841476,0.3102815151214599,0.3010603785514831,0.2908976376056671,0.3239120244979858,0.270778089761734,0.1432935744524002,0.24243355,-0.3821774,-0.32108277,-0.07622953
CCn1cc(C(=O)O)c(=O)c2cc(F)c(N3CCNCC3)cc21,OGJPXUAPXNRGGI-UHFFFAOYSA-N,CCn1cc(C(=O)O)c(=O)c2cc(F)c(N3CCNCC3)cc21,0,0.1209444854992024,0.2867953181266784,0.1300470232963562,0.3476065099239349,0.3722339272499084,0.2363266944885254,0.3423710167407989,0.2837651669979095,0.3518614768981933,0.2920363247394562,0.3933751285076141,0.2118357568979263,-0.0152964,-0.6514358,-0.20519346,-0.032631606
CCn1cc(C(=O)O)c(=O)c2cc(F)c(N3CCN(C)CC3)cc21,FHFYDNQZQSQIAI-UHFFFAOYSA-N,CCn1cc(C(=O)O)c(=O)c2cc(F)c(N3CCN(C)CC3)cc21,0,0.143897747565668,0.3000145256519317,0.1243782043457031,0.3675364851951599,0.3944975137710571,0.2737187445163727,0.3941450715065002,0.3841597139835357,0.3260946869850158,0.4039596617221832,0.47236368060112,0.311309278011322,-0.029696018,-0.66753894,-0.25613612,-0.16078278
CNn1cc(C(=O)O)c(=O)c2cc(F)c(N3CCN(C)CC3)cc21,RUXPNBWPIRDVTH-UHFFFAOYSA-N,CNn1cc(C(=O)O)c(=O)c2cc(F)c(N3CCN(C)CC3)cc21,0,0.1576753231267692,0.276084303855896,0.1667665839195251,0.2793626487255096,0.4199454188346863,0.2647764980792999,0.4045661985874176,0.3862771391868591,0.3284031748771667,0.5333259701728821,0.4491715133190155,0.3108997046947479,-0.021965861,-0.6463453,-0.22527583,-0.12237835
CCCCc1oc2ccccc2c1C(=O)c1cc(I)c(OCCN(CC)CC)c(I)c1,IYIKLHRQXLHMJQ-UHFFFAOYSA-N,CCCCc1oc2ccccc2c1C(=O)c1cc(I)c(OCCN(CC)CC)c(I)c1,1,0.3861777141150964,0.6847048997879028,0.5781629681587219,0.489998996257782,0.6063833236694336,0.5859300494194031,0.6556804180145264,0.5859724879264832,0.3915801346302032,0.5094021558761597,0.6118792295455933,0.3611229956150055,-0.40780762,-0.62425786,-0.30624825,-0.59734714
CCc1oc2ccccc2c1C(=O)c1cc(Br)c(O)c(Br)c1,WHQCHUCQKNIQEC-UHFFFAOYSA-N,CCc1oc2ccccc2c1C(=O)c1cc(Br)c(O)c(Br)c1,0,0.1810506242654868,0.3654662668704986,0.3893803358078003,0.5436888933181763,0.4517655372619629,0.4549775123596191,0.325679212808609,0.4005280435085296,0.4141319692134857,0.4661800563335418,0.2460373044013977,0.3424865305423736,-0.4207122,-0.62382483,-0.20846891,-0.5915108
COC1=CC(=O)C[C@@H](C)[C@]12Oc1c(Cl)c(OC)cc(OC)c1C2=O,DDUHZTYCFQRHIY-RBHXEPJQSA-N,COC1=CC(=O)C[C@@H](C)[C@]12Oc1c(Cl)c(OC)cc(OC)c1C2=O,0,0.1396041849969764,0.2192037254571914,0.2667880058288574,0.5082703828811646,0.4006307423114776,0.3025605082511902,0.2631164789199829,0.2857884764671325,0.4550244510173797,0.2960140109062195,0.2567114531993866,0.2008671909570694,-0.19611073,-0.8957821,-0.26553127,0.016849816
CC(C)NC[C@@H]1CCc2cc(CO)c([N+](=O)[O-])cc2N1,XCGYUJZMCCFSRP-LBPRGKRZSA-N,CC(C)NC[C@@H]1CCc2cc(CO)c([N+](=O)[O-])cc2N1,0,0.3379414664004216,0.4584046602249145,0.6494535207748413,0.6404546499252319,0.5141555666923523,0.4380265474319458,0.5658217072486877,0.4882963299751282,0.6299183368682861,0.4696924984455108,0.6425070762634277,0.5459754467010498,0.55840445,-0.31992543,-0.09002972,-0.5052897
CN1CCN(CCCCN2C(=O)CN(/N=C\c3ccc(-c4ccc(Cl)cc4)o3)C2=O)CC1,MREBEPTUUMTTIA-XYGWBWBKSA-N,CN1CCN(CCCCN2C(=O)CN(/N=C\c3ccc(-c4ccc(Cl)cc4)o3)C2=O)CC1,0,0.3782042098922071,0.5618104934692383,0.4557156860828399,0.6440058350563049,0.4733197093009949,0.5990942716598511,0.6303730010986328,0.5306746363639832,0.4476467072963714,0.4788438081741333,0.5679700374603271,0.5123241543769836,0.33220607,0.027037442,-0.07888169,-0.1652331
CN(c1nccc(=O)[nH]1)C1CCN(c2nc3ccccc3n2Cc2ccc(F)cc2)CC1,PVLJETXTTWAYEW-UHFFFAOYSA-N,CN(c1nccc(=O)[nH]1)C1CCN(c2nc3ccccc3n2Cc2ccc(F)cc2)CC1,1,0.4509230338929743,0.6355364918708801,0.5062581300735474,0.6530976295471191,0.5273849368095398,0.5420304536819458,0.4476383924484253,0.7097673416137695,0.5895253419876099,0.544503927230835,0.6232885122299194,0.5519755482673645,0.047567546,-0.0431934,-0.3187178,-0.41625577
CN(C)CCc1c[nH]c2ccc(C[C@H]3COC(=O)N3)cc12,ULSDMUVEXKOYBU-ZDUSSCGKSA-N,CN(C)CCc1c[nH]c2ccc(C[C@H]3COC(=O)N3)cc12,0,0.4591432908630828,0.8360918760299683,0.7365058660507202,0.4553489685058594,0.6429016590118408,0.5928795337677002,0.6283478140830994,0.655358076095581,0.7232881784439087,0.4136396050453186,0.6410549283027649,0.5837688446044922,0.31326365,-0.03888911,-0.16925703,-0.6292677
CN/C(=C\[N+](=O)[O-])NCCSCc1ccc(CN(C)C)o1,VMXUWOKSQNHOCA-UKTHLTGXSA-N,CN/C(=C\[N+](=O)[O-])NCCSCc1ccc(CN(C)C)o1,1,0.4007595198993576,0.7311903238296509,0.4957140386104584,0.5389509797096252,0.6125827431678772,0.6362276077270508,0.6665852665901184,0.5191940069198608,0.522296667098999,0.5527710914611816,0.6727571487426758,0.3361971378326416,0.5765416,-0.2184228,0.0115181655,-0.20197332
CC(C)NC[C@H](O)COc1ccc(CCOCC2CC2)cc1,NWIUTZDMDHAVTP-KRWDZBQOSA-N,CC(C)NC[C@H](O)COc1ccc(CCOCC2CC2)cc1,1,0.5615262364558923,0.7645138502120972,0.5487522482872009,0.6986998319625854,0.6996718049049377,0.7705331444740295,0.7631707787513733,0.81296306848526,0.8257269859313965,0.6046974062919617,0.8382229804992676,0.735339343547821,0.3458035,0.08259779,-0.15052715,-0.43799466
C1CCN2C[C@H]3C[C@H](CN4CCCC[C@H]34)[C@@H]2C1,SLRCCWJSBJZJBV-TUVASFSCSA-N,C1CCN2C[C@H]3C[C@H](CN4CCCC[C@@H]34)[C@H]2C1,1,0.5181475668839897,0.7434512972831726,0.5967342853546143,0.6679664850234985,0.7198712229728699,0.756893515586853,0.8506530523300171,0.6759888529777527,0.7415431141853333,0.5735943913459778,0.7403746247291565,0.5195894241333008,0.9255835,-0.1958229,0.1298902,-0.26627207
CCCCN1CCCC[C@H]1C(=O)Nc1c(C)cccc1C,LEBVLXFERQHONN-INIZCTEOSA-N,CCCCN1CCCC[C@H]1C(=O)Nc1c(C)cccc1C,1,0.4664051405498027,0.5453156232833862,0.3450841605663299,0.7470498085021973,0.7139533758163452,0.6317359209060669,0.7460833191871643,0.7065726518630981,0.6544569134712219,0.4716126918792724,0.6511270999908447,0.5935901999473572,0.45228112,0.12450504,0.10513118,-0.22524688
CCCN1CCCC[C@H]1C(=O)Nc1c(C)cccc1C,ZKMNUMMKYBVTFN-HNNXBMFYSA-N,CCCN1CCCC[C@H]1C(=O)Nc1c(C)cccc1C,1,0.470444550652652,0.5412708520889282,0.3390924036502838,0.7735483050346375,0.6868709325790405,0.6422943472862244,0.7409573197364807,0.7307483553886414,0.6476950645446777,0.4770631790161133,0.6736705899238586,0.588095486164093,0.4556967,0.1662761,0.14069545,-0.27359092
CCCCN1CCCC[C@H]1C(=O)Nc1c(C)cccc1C,LEBVLXFERQHONN-INIZCTEOSA-N,CCCCN1CCCC[C@H]1C(=O)Nc1c(C)cccc1C,1,0.4664051405498027,0.5453156232833862,0.3450841605663299,0.7470498085021973,0.7139533758163452,0.6317359209060669,0.7460833191871643,0.7065726518630981,0.6544569134712219,0.4716126918792724,0.6511270999908447,0.5935901999473572,0.45228112,0.12450504,0.10513118,-0.22524688
COC(=O)[C@H]1[C@@H](OC(=O)c2ccccc2)C[C@@H]2CC[C@H]1N2C,ZPUCINDJVBIVPJ-LJISPDSOSA-N,COC(=O)[C@H]1[C@@H](OC(=O)c2ccccc2)C[C@@H]2CC[C@H]1N2C,0,0.2243199307126334,0.7457185983657837,0.4309971630573272,0.1534433662891388,0.4784547090530395,0.4047293663024902,0.3899840414524078,0.3617848753929138,0.4894340932369232,0.4878208041191101,0.6159795522689819,0.4267278909683227,-0.0051080585,-0.8429276,-0.2568063,-0.4512359
C#C[C@]1(O)CC[C@H]2[C@@H]3CCC4=Cc5oncc5C[C@]4(C)[C@H]3CC[C@@]21C,POZRVZJJTULAOH-LHZXLZLDSA-N,C#C[C@]1(O)CC[C@H]2[C@@H]3CCC4=Cc5oncc5C[C@]4(C)[C@H]3CC[C@@]21C,0,0.1441683100647801,0.3892698287963867,0.3666424453258514,0.3319538235664367,0.473733127117157,0.3914044201374054,0.3264327943325043,0.3299731612205505,0.3614740669727325,0.3336144983768463,0.4381776452064514,0.2881361544132232,0.4410658,-0.4270687,-0.33827603,-0.61094284
CN1CCN(c2cc3c(cc2F)c(=O)c(C(=O)O)cn3-c2ccc(F)cc2)CC1,NOCJXYPHIIZEHN-UHFFFAOYSA-N,CN1CCN(c2cc3c(cc2F)c(=O)c(C(=O)O)cn3-c2ccc(F)cc2)CC1,0,0.2243695862269864,0.3193653523921966,0.187070831656456,0.2859644889831543,0.3656775057315826,0.299701452255249,0.2986907660961151,0.5772625207901001,0.4455413520336151,0.5863602161407471,0.4539260864257812,0.272737979888916,-0.030264586,-0.59794366,-0.26364902,-0.0058867037
CC(C)(C)[C@@H](O)/C=C\c1ccc2c(c1)OCO2,IBLNKMRFIPWSOY-VGVVRCBHSA-N,CC(C)(C)[C@@H](O)/C=C\c1ccc2c(c1)OCO2,0,0.3913863137058439,0.5015800595283508,0.3529473543167114,0.5642632842063904,0.5623292326927185,0.4556273221969604,0.5201607942581177,0.5270775556564331,0.6525449752807617,0.5590994358062744,0.7994014620780945,0.5677608251571655,0.30293947,-0.23288274,-0.115922436,-0.3556658
CCCN(CCC)C(=O)Cc1c(-c2ccc(Cl)cc2)nc2ccc(Cl)cn12,JRTIDHTUMYMPRU-UHFFFAOYSA-N,CCCN(CCC)C(=O)Cc1c(-c2ccc(Cl)cc2)nc2ccc(Cl)cn12,0,0.1593198144591043,0.3445087373256683,0.425589770078659,0.2741615772247314,0.3895972669124603,0.4588542282581329,0.4913785457611084,0.2882042825222015,0.4336036741733551,0.2403443455696106,0.3650105595588684,0.4722253084182739,0.020273626,-0.08047521,-0.61810064,-0.43215597
Cc1ccc(-c2nc3ccc(C)cn3c2CC(=O)N(C)C)cc1,ZAFYATHCZYHLPB-UHFFFAOYSA-N,Cc1ccc(-c2nc3ccc(C)cn3c2CC(=O)N(C)C)cc1,1,0.2942499517003099,0.3400269150733948,0.5249060988426208,0.4559002220630646,0.5366513729095459,0.4754626154899597,0.5571799874305725,0.4750854074954986,0.5237979888916016,0.2782121300697326,0.6353214383125305,0.5513107776641846,-0.22697489,-0.17589787,-0.23429799,-0.025553733
O[C@@](CCN1CCCCC1)(c1ccccc1)[C@@H]1C[C@@H]2C=C[C@H]1C2,YSXKPIUOCJLQIE-JYRKZWEQSA-N,O[C@@](CCN1CCCCC1)(c1ccccc1)[C@@H]1C[C@@H]2C=C[C@H]1C2,0,0.4937017458563919,0.7745673060417175,0.7752810120582581,0.5779147148132324,0.6918437480926514,0.6938163042068481,0.6889782547950745,0.766087532043457,0.6454846262931824,0.6857596635818481,0.704128623008728,0.3852267265319824,0.3164959,0.1056959,-0.047174342,-0.4068871
CCn1cc(C(=O)O)c(=O)c2cnc(N3CCNCC3)nc21,JOHZPMXAZQZXHR-UHFFFAOYSA-N,CCn1cc(C(=O)O)c(=O)c2cnc(N3CCNCC3)nc21,0,0.1247827340337695,0.3304853737354278,0.1806615442037582,0.4178240001201629,0.3466383516788482,0.3172181844711303,0.3316889703273773,0.3544665277004242,0.2293986976146698,0.2368445545434951,0.2559131681919098,0.200520783662796,0.2812643,-0.39219,-0.28310356,-0.37085998
