input-smiles,inchikey,smiles,true-value,pred-value,lq_estimators-eos4u6p,lq_estimators-eos3l5f,lq_estimators-eos8aa5,lq_estimators-eos4ex3,lq_estimators-eos82v1,lq_estimators-eos9o72,umap-0,umap-1,pca-0,pca-1
C[C@]12CCC3=C4CCC(=O)C=C4CC[C@H]3[C@@H]1CC[C@@]2(O)CC#N,AZFLJNIPTRTECV-FUMNGEBKSA-N,C[C@]12CCC3=C4CCC(=O)C=C4CC[C@H]3[C@@H]1CC[C@@]2(O)CC#N,1,0.8492402269093292,0.5260136127471924,0.4746424257755279,0.5883985757827759,0.5459491014480591,0.3866938650608063,0.5128554701805115,0.44032907,-0.44455975,-0.32877153,-0.4589133
O=C(NCC1CCCCN1)c1cc(OCC(F)(F)F)ccc1OCC(F)(F)F,DJBNUMBKLMJRSA-UHFFFAOYSA-N,O=C(NCC1CCCCN1)c1cc(OCC(F)(F)F)ccc1OCC(F)(F)F,1,0.8964130331478172,0.5726534724235535,0.6197775602340698,0.6625910997390747,0.6816580295562744,0.5665737390518188,0.8051542043685913,0.40473658,0.14836442,0.010646522,-0.31026053
O=C(c1ccc(OCCN2CCCCC2)cc1)c1c(-c2ccc(O)cc2)sc2cc(O)ccc12,GZUITABIAKMVPG-UHFFFAOYSA-N,O=C(c1ccc(OCCN2CCCCC2)cc1)c1c(-c2ccc(O)cc2)sc2cc(O)ccc12,0,0.5427187760505857,0.4592148959636688,0.2361663430929184,0.2806697785854339,0.142411932349205,0.2667612135410309,0.4640756547451019,0.21895212,0.040667117,-0.1603376,-0.44176522
O=C(O[C@@H]1C[C@@H]2C[C@H]3C[C@H](C1)N2CC3=O)c1c[nH]c2ccccc12,UKTAZPQNNNJVKR-KJGYPYNMSA-N,O=C(O[C@@H]1C[C@@H]2C[C@H]3C[C@H](C1)N2CC3=O)c1c[nH]c2ccccc12,1,0.7442151086653094,0.4690635800361633,0.4962237179279327,0.600587785243988,0.4668972194194793,0.4658678770065307,0.4480527639389038,0.22366399,-0.48838574,-0.18917185,-0.39694577
Cc1ccsc1C(=CCCN1CCC[C@@H](C(=O)O)C1)c1sccc1C,PBJUNZJWGZTSKL-MRXNPFEDSA-N,Cc1ccsc1C(=CCCN1CCC[C@@H](C(=O)O)C1)c1sccc1C,1,0.7249344445895956,0.5317619442939758,0.5405418872833252,0.4800209701061249,0.230381041765213,0.5510776042938232,0.457647442817688,0.6848659,-0.1756244,-0.10200225,-0.09195322
COc1ccc(C(=O)Nc2ccccc2CCC2CCCCN2C)cc1,PJWPNDMDCLXCOM-UHFFFAOYSA-N,COc1ccc(C(=O)Nc2ccccc2CCC2CCCCN2C)cc1,1,0.8911544710341102,0.7192744612693787,0.5003770589828491,0.7351038455963135,0.6086717844009399,0.6664115786552429,0.5683237314224243,0.31695598,0.14534682,0.029497132,-0.3536435
COc1c(N2C[C@@H]3CCCN[C@@H]3C2)c(F)cc2c(=O)c(C(=O)O)cn(C3CC3)c12,FABPRXSRWADJSP-MEDUHNTESA-N,COc1c(N2C[C@@H]3CCCN[C@@H]3C2)c(F)cc2c(=O)c(C(=O)O)cn(C3CC3)c12,1,0.9009816421230588,0.7704920768737793,0.6503639221191406,0.6655473709106445,0.6062330603599548,0.6088626384735107,0.6518911123275757,0.30952364,-0.3623856,-0.2719279,0.05881591
CO[C@H]1/C=C/O[C@@]2(C)Oc3c(C)c(O)c4c(c3C2=O)C2=NC3(CCN(CC(C)C)CC3)NC2=C(NC(=O)/C(C)=C\C=C\[C@H](C)[C@H](O)[C@@H](C)[C@@H](O)[C@@H](C)[C@H](OC(C)=O)[C@@H]1C)C4=O,ATEBXHFBFRCZMA-VXTBVIBXSA-N,CO[C@H]1/C=C/O[C@@]2(C)Oc3c(C)c(O)c4c(c3C2=O)C2=NC3(CCN(CC(C)C)CC3)NC2=C(NC(=O)/C(C)=C\C=C\[C@H](C)[C@H](O)[C@@H](C)[C@@H](O)[C@@H](C)[C@H](OC(C)=O)[C@@H]1C)C4=O,0,0.6298643001446843,0.4637517035007477,0.2980508208274841,0.4451753199100494,0.4211325347423553,0.3133598864078522,0.4297121167182922,-0.10076177,-0.53279793,-0.5364276,-0.5647324
COc1cc([C@@H]2c3cc4c(cc3[C@@H](O[C@@H]3O[C@@H]5CO[C@@H](c6cccs6)O[C@H]5[C@H](O)[C@H]3O)[C@H]3COC(=O)[C@H]23)OCO4)cc(OC)c1O,NRUKOCRGYNPUPR-QBPJDGROSA-N,COc1cc([C@@H]2c3cc4c(cc3[C@@H](O[C@@H]3O[C@@H]5CO[C@@H](c6cccs6)O[C@H]5[C@H](O)[C@H]3O)[C@H]3COC(=O)[C@H]23)OCO4)cc(OC)c1O,1,0.6707183388040928,0.5818740725517273,0.4259367883205414,0.4873121678829193,0.1788606643676757,0.2349242269992828,0.3715498447418213,-0.25611025,0.1577416,-0.27866045,-0.30067036
CN(C)CCc1c[nH]c2ccc(C[C@H]3COC(=O)N3)cc12,ULSDMUVEXKOYBU-ZDUSSCGKSA-N,CN(C)CCc1c[nH]c2ccc(C[C@H]3COC(=O)N3)cc12,1,0.7084247723361862,0.3821727931499481,0.5105836391448975,0.4873539507389068,0.4715596735477447,0.5180354118347168,0.5908626317977905,0.31326365,-0.03888911,-0.16925703,-0.6292677
COC(=O)C(c1ccccc1)C1CCCCN1,DUGOZIWVEXMGBE-UHFFFAOYSA-N,COC(=O)C(c1ccccc1)C1CCCCN1,0,0.8983718888951454,0.804293692111969,0.5580283999443054,0.7023161053657532,0.5960363149642944,0.650540828704834,0.6480913162231445,0.64219314,0.062427163,0.068328306,-0.25361592
COc1ccc([C@@H]2Sc3ccccc3N(CCN(C)C)C(=O)[C@@H]2OC(C)=O)cc1,HSUGRBWQSSZJOP-RTWAWAEBSA-N,COc1ccc([C@@H]2Sc3ccccc3N(CCN(C)C)C(=O)[C@@H]2OC(C)=O)cc1,1,0.8425288699045806,0.4834102392196655,0.5705239176750183,0.6545430421829224,0.6125145554542542,0.5499595403671265,0.5705945491790771,-0.2684406,-0.8787184,0.07164857,-0.43349928
Cc1cc(C)nc(NS(=O)(=O)c2ccc(N)cc2)n1,ASWVTGNCAZCNNR-UHFFFAOYSA-N,Cc1cc(C)nc(NS(=O)(=O)c2ccc(N)cc2)n1,1,0.8944239386238332,0.7497636079788208,0.4506605267524719,0.772377073764801,0.7109849452972412,0.8268857002258301,0.7696819305419922,-0.15098147,0.74922097,-0.36902437,-0.41370404
Nc1ccc(S(=O)(=O)Nc2ncccn2)cc1,SEEPANYCNGTZFQ-UHFFFAOYSA-N,Nc1ccc(S(=O)(=O)Nc2ncccn2)cc1,1,0.8878833036184041,0.6923972964286804,0.4312599599361419,0.6532100439071655,0.6904930472373962,0.796076774597168,0.7110044956207275,0.008388221,0.85248625,-0.27137983,-0.60520655
C#Cc1cccc(Nc2ncnc3cc(OCCOC)c(OCCOC)cc23)c1,AAKJLRGGTJKAMG-UHFFFAOYSA-N,C#Cc1cccc(Nc2ncnc3cc(OCCOC)c(OCCOC)cc23)c1,1,0.8936096701965122,0.7703734040260315,0.6604009866714478,0.8048206567764282,0.5713839530944824,0.6231027245521545,0.5629940629005432,-0.29599473,-0.43592876,-0.36595136,-0.39730006
OC(CCN1CCCCC1)(c1ccccc1)C1CCCCC1,HWHLPVGTWGOCJO-UHFFFAOYSA-N,OC(CCN1CCCCC1)(c1ccccc1)C1CCCCC1,1,0.8392763258361752,0.6543893218040466,0.4737507104873657,0.5985280871391296,0.4574909508228302,0.5278101563453674,0.5593047738075256,0.72035336,0.114593506,0.058222115,-0.2648786
Cc1cc(NS(=O)(=O)c2ccc(N)cc2)no1,JLKIGFTWXXRPMT-UHFFFAOYSA-N,Cc1cc(NS(=O)(=O)c2ccc(N)cc2)no1,1,0.8936514915612541,0.7781771421432495,0.444140762090683,0.819794774055481,0.6936739683151245,0.8114047050476074,0.7623937129974365,0.034742653,0.8835877,-0.33082736,-0.39335042
CCOC(=O)C1=C(COCCN)NC(C)=C(C(=O)OC)C1c1ccccc1Cl,HTIQEAQVCYTUBX-UHFFFAOYSA-N,CCOC(=O)C1=C(COCCN)NC(C)=C(C(=O)OC)C1c1ccccc1Cl,1,0.6380149709659216,0.4082415699958801,0.458986759185791,0.2950285673141479,0.5589185357093811,0.593597412109375,0.4289054274559021,-0.20241043,-0.94043386,-0.021786928,-0.32047075
COC(=O)C1=C(C#N)NC(C)=C(C(=O)OC(C)C)C1c1cccc([N+](=O)[O-])c1,FAIIFDPAEUKBEP-UHFFFAOYSA-N,COC(=O)C1=C(C#N)NC(C)=C(C(=O)OC(C)C)C1c1cccc([N+](=O)[O-])c1,0,0.730753043498837,0.4316087663173675,0.4985473752021789,0.3701135218143463,0.6413536071777344,0.5567253232002258,0.5778616070747375,-0.18305981,-0.9293479,-0.39033672,-0.34055024
COC(=O)C1=C(C)NC(C)=C(C(=O)OC)C1c1ccccc1[N+](=O)[O-],HYIMSNHJOBLJNT-UHFFFAOYSA-N,COC(=O)C1=C(C)NC(C)=C(C(=O)OC)C1c1ccccc1[N+](=O)[O-],1,0.8107981667933734,0.4294076263904571,0.5981510877609253,0.5335541367530823,0.6444704532623291,0.6090606451034546,0.5071874856948853,-0.1856488,-0.89364284,-0.109865084,-0.30211806
CCOC(=O)C1=C(C)NC(C)=C(C(=O)OC)C1c1cccc([N+](=O)[O-])c1,PVHUJELLJLJGLN-UHFFFAOYSA-N,CCOC(=O)C1=C(C)NC(C)=C(C(=O)OC)C1c1cccc([N+](=O)[O-])c1,0,0.7074525505138999,0.4126810729503631,0.4780482649803161,0.3449292480945587,0.615519106388092,0.5802983045578003,0.5445418357849121,-0.17646803,-0.9023583,-0.19825974,-0.28969324
CCOC(=O)C1=C(C)NC(C)=C(C(=O)OC)C1c1cccc(Cl)c1Cl,RZTAMFZIAATZDJ-UHFFFAOYSA-N,CCOC(=O)C1=C(C)NC(C)=C(C(=O)OC)C1c1cccc(Cl)c1Cl,0,0.727513085301211,0.5200366377830505,0.4253356456756592,0.3159066140651703,0.5812300443649292,0.6407003402709961,0.4887312948703766,-0.19425158,-0.9130481,-0.11630152,-0.4584143
CCOC(=O)C1=C(C)NC(C)=C(C(=O)OCC)C1c1ccccc1/C=C/C(=O)OC(C)(C)C,GKQPCPXONLDCMU-CCEZHUSRSA-N,CCOC(=O)C1=C(C)NC(C)=C(C(=O)OCC)C1c1ccccc1/C=C/C(=O)OC(C)(C)C,0,0.6018315053863502,0.4738726019859314,0.3830361664295196,0.2555895447731018,0.4964074790477752,0.4549504518508911,0.399574726819992,-0.19014488,-0.95293045,-0.2643974,-0.21682435
COCCOC(=O)C1=C(C)NC(C)=C(C(=O)OC(C)C)C1c1cccc([N+](=O)[O-])c1,UIAGMCDKSXEBJQ-UHFFFAOYSA-N,COCCOC(=O)C1=C(C)NC(C)=C(C(=O)OC(C)C)C1c1cccc([N+](=O)[O-])c1,0,0.6279150780549906,0.3737504482269287,0.4699583649635315,0.2786777019500732,0.5937244296073914,0.5701625347137451,0.4642337560653686,-0.18144025,-0.95777404,-0.24727406,-0.3253276
COC(=O)C1=C(C)NC(C)=C(C(=O)OCC(C)C)C1c1ccccc1[N+](=O)[O-],VKQFCGNPDRICFG-UHFFFAOYSA-N,COC(=O)C1=C(C)NC(C)=C(C(=O)OCC(C)C)C1c1ccccc1[N+](=O)[O-],0,0.7796979854893977,0.4367213845252991,0.5787587761878967,0.5071229338645935,0.6312607526779175,0.5542046427726746,0.4904756247997284,-0.18902373,-0.91609955,-0.28725585,-0.2950553
CC(C)(C)NCC(O)COc1ccc(NC(=O)NC2CCCCC2)cc1,MXFWWQICDIZSOA-UHFFFAOYSA-N,CC(C)(C)NCC(O)COc1ccc(NC(=O)NC2CCCCC2)cc1,1,0.8774861012778755,0.5595870018005371,0.5288145542144775,0.5725359916687012,0.5126803517341614,0.5857142806053162,0.6222485899925232,0.29941934,0.032272875,-0.27372622,-0.41634536
Cc1cnc(NC(=O)C2=C(O)c3ccccc3S(=O)(=O)N2C)s1,ZRVUJXDFFKFLMG-UHFFFAOYSA-N,Cc1cnc(NC(=O)C2=C(O)c3ccccc3S(=O)(=O)N2C)s1,1,0.8940650678631502,0.8302984833717346,0.5341297388076782,0.7414560914039612,0.6284932494163513,0.5883343815803528,0.6446616649627686,-0.12234865,0.7142943,-0.27550733,-0.43077308
CN1C(=O)C(O)N=C(c2ccccc2Cl)c2cc(Cl)ccc21,FJIKWRGCXUCUIG-UHFFFAOYSA-N,CN1C(=O)C(O)N=C(c2ccccc2Cl)c2cc(Cl)ccc21,1,0.9025356931396976,0.8255020380020142,0.6743199825286865,0.8154521584510803,0.6050906777381897,0.7191358208656311,0.6669250726699829,-0.34305322,-0.7643079,-0.2385503,-0.4384468
O=C1Nc2ccc(Cl)cc2C(c2ccccc2)=NC1O,ADIMAYPTOBDMTL-UHFFFAOYSA-N,O=C1Nc2ccc(Cl)cc2C(c2ccccc2)=NC1O,1,0.904986750839096,0.8708558678627014,0.6256605982780457,0.8531702160835266,0.640647292137146,0.6932424902915955,0.6738893985748291,-0.29705185,-0.66684437,-0.17791143,-0.111727834
CN1C(=O)C(O)N=C(c2ccccc2)c2cc(Cl)ccc21,SEQDDYPDSLOBDC-UHFFFAOYSA-N,CN1C(=O)C(O)N=C(c2ccccc2)c2cc(Cl)ccc21,1,0.9022848062153578,0.8539142608642578,0.624629557132721,0.7994247674942017,0.6172791719436646,0.7084054350852966,0.6800804734230042,-0.24482568,-0.7272422,-0.18573008,-0.42532176
O=C1CN=C(c2ccccc2)c2cc([N+](=O)[O-])ccc2N1,KJONHKAYOJNZEC-UHFFFAOYSA-N,O=C1CN=C(c2ccccc2)c2cc([N+](=O)[O-])ccc2N1,1,0.9039986365900504,0.8146318197250366,0.6340664625167847,0.9128926396369934,0.7340644001960754,0.6597670912742615,0.733596920967102,-0.48340002,0.20407146,-0.27766794,-0.31038553
CN1C(=O)CN=C(c2ccccc2)c2cc(Cl)ccc21,AAOVKJBEBIDNHE-UHFFFAOYSA-N,CN1C(=O)CN=C(c2ccccc2)c2cc(Cl)ccc21,1,0.906531702669961,0.8414894938468933,0.7070141434669495,0.885324239730835,0.6726967096328735,0.7593380808830261,0.723933756351471,-0.6257536,0.02300495,-0.29238087,-0.33099484
CN1C(=O)CN=C(c2ccccc2F)c2cc([N+](=O)[O-])ccc21,PPTYJKAXVCCBDU-UHFFFAOYSA-N,CN1C(=O)CN=C(c2ccccc2F)c2cc([N+](=O)[O-])ccc21,1,0.9071136812980498,0.7162168622016907,0.6361433863639832,0.9109418988227844,0.7243741750717163,0.753779411315918,0.7403749823570251,-0.1906093,-0.66172874,-0.20708735,-0.18617313
O=C1CN=C(c2ccccc2Cl)c2cc([N+](=O)[O-])ccc2N1,DGBIGWXXNGSACT-UHFFFAOYSA-N,O=C1CN=C(c2ccccc2Cl)c2cc([N+](=O)[O-])ccc2N1,1,0.905368122559988,0.8386783003807068,0.6842874884605408,0.9070256948471068,0.7249674201011658,0.6793484091758728,0.74416583776474,-0.47675157,0.17470825,-0.25151342,-0.29093415
O=C1Nc2ccc(Cl)cc2C(c2ccccc2Cl)=NC1O,DIWRORZWFLOCLC-UHFFFAOYSA-N,O=C1Nc2ccc(Cl)cc2C(c2ccccc2Cl)=NC1O,1,0.9050769862318204,0.8673180341720581,0.6701614856719971,0.8523722887039185,0.6292799711227417,0.7111154198646545,0.6628410220146179,-0.3147374,-0.6133743,-0.24139176,-0.20222294
CCN(CC)CCN1C(=O)CN=C(c2ccccc2F)c2cc(Cl)ccc21,SAADBVWGJQAEFS-UHFFFAOYSA-N,CCN(CC)CCN1C(=O)CN=C(c2ccccc2F)c2cc(Cl)ccc21,1,0.9031348913982143,0.6808779835700989,0.5993524193763733,0.851280152797699,0.635360836982727,0.6895753741264343,0.6446365118026733,0.10054207,0.22827154,-0.1844289,-0.18835524
CN1C[C@H](CNC(=O)OCc2ccccc2)C[C@@H]2c3cccc4c3c(cn4C)C[C@H]21,WZHJKEUHNJHDLS-QTGUNEKASA-N,CN1C[C@H](CNC(=O)OCc2ccccc2)C[C@@H]2c3cccc4c3c(cn4C)C[C@H]21,1,0.5033878547489438,0.268369048833847,0.4216625392436981,0.2978498637676239,0.4578745663166046,0.3348983824253082,0.3083563446998596,0.19221586,0.031675994,-0.094491586,-0.7530775
O=C(O)COCCN1CCN(C(c2ccccc2)c2ccc(Cl)cc2)CC1,ZKLPARSLTMPFCP-UHFFFAOYSA-N,O=C(O)COCCN1CCN(C(c2ccccc2)c2ccc(Cl)cc2)CC1,1,0.7939156356576632,0.5101878046989441,0.4846746623516083,0.6165060997009277,0.4270162582397461,0.5691125392913818,0.4674965739250183,0.21253604,0.3143636,-0.00014334917,0.2699797
NS(=O)(=O)c1cc2c(cc1Cl)N=C(CSCc1ccccc1)NS2(=O)=O,NDTSRXAMMQDVSW-UHFFFAOYSA-N,NS(=O)(=O)c1cc2c(cc1Cl)N=C(CSCc1ccccc1)NS2(=O)=O,0,0.8815116750822641,0.6364842057228088,0.5154072046279907,0.7175555229187012,0.6739422678947449,0.5627087950706482,0.522139847278595,-0.088455096,0.9367448,-0.36112174,-0.5216212
O=C1CC2(CCCC2)CC(=O)N1CCCCN1CCN(c2ncccn2)CC1,QWCRAEMEVRGPNT-UHFFFAOYSA-N,O=C1CC2(CCCC2)CC(=O)N1CCCCN1CCN(c2ncccn2)CC1,0,0.7925665612801268,0.5278192758560181,0.5617859959602356,0.4064619541168213,0.5044965744018555,0.5202078819274902,0.5185251235961914,0.90494657,-0.16182822,0.31015176,-0.32489517
N[C@@H](C(=O)N[C@@H]1C(=O)N2C(C(=O)O)=C(Cl)CC[C@H]12)c1ccccc1,JAPHQRWPEGVNBT-UTUOFQBUSA-N,N[C@@H](C(=O)N[C@@H]1C(=O)N2C(C(=O)O)=C(Cl)CC[C@H]12)c1ccccc1,1,0.7553345642650923,0.4092709720134735,0.4972096085548401,0.4989959895610809,0.5986150503158569,0.5682001113891602,0.5177682042121887,0.00031620264,-0.6263953,-0.14480853,-0.58112395
CC[C@]12CCCN3CCc4c(n(c5ccccc45)[C@@](O)(C(=O)OC)C1)[C@@H]32,RXPRRQLKFXBCSJ-GIVPXCGWSA-N,CC[C@]12CCCN3CCc4c(n(c5ccccc45)[C@@](O)(C(=O)OC)C1)[C@@H]32,0,0.6000182046106193,0.4911284744739532,0.6023770570755005,0.2473023831844329,0.4744614362716675,0.32566699385643,0.3461833596229553,0.44030762,-0.039166808,0.056200773,-0.21295083
Nc1nc(NC2CC2)c2ncn([C@H]3C=C[C@@H](CO)C3)c2n1,MCGSCOLBFJQGHM-SCZZXKLOSA-N,Nc1nc(NC2CC2)c2ncn([C@H]3C=C[C@@H](CO)C3)c2n1,1,0.8361219005813129,0.4781746864318847,0.5676153302192688,0.5492251515388489,0.5275777578353882,0.6839877367019653,0.6254549622535706,0.009165794,-0.43960014,-0.21610093,-0.57068986
Cc1ncc2n1-c1ccc(Cl)cc1C(c1ccccc1F)=NC2,DDLIGBOFAVUZHB-UHFFFAOYSA-N,Cc1ncc2n1-c1ccc(Cl)cc1C(c1ccccc1F)=NC2,1,0.9084267331475102,0.7447562217712402,0.7103264927864075,0.8755810856819153,0.7283817529678345,0.8041576147079468,0.7460635304450989,-0.49147278,-0.5325837,-0.440849,-0.20873708
CCn1cc(C(=O)O)c(=O)c2cc(F)c(N3CCNCC3)nc21,IDYZIJYBMGIQMJ-UHFFFAOYSA-N,CCn1cc(C(=O)O)c(=O)c2cc(F)c(N3CCNCC3)nc21,1,0.9056760612625516,0.8630450963973999,0.7533374428749084,0.7108973860740662,0.6609783172607422,0.695671021938324,0.6538964509963989,-0.04416415,-0.6830758,-0.2535329,-0.11808043
CC1=C(CC(=O)O)c2cc(F)ccc2/C1=C\c1ccc(S(C)=O)cc1,MLKXDPUZXIRXEP-MFOYZWKCSA-N,CC1=C(CC(=O)O)c2cc(F)ccc2/C1=C\c1ccc([S+](C)[O-])cc1,1,0.8835041138234111,0.711768627166748,0.4777755737304687,0.6824727058410645,0.6661444306373596,0.4627164602279663,0.7043211460113525,-0.3600171,-0.63038945,-0.453153,-0.21736954
CCOc1ccc2ccccc2c1C(=O)N[C@@H]1C(=O)N2[C@@H](C(=O)O)C(C)(C)S[C@H]12,GPXLMGHLHQJAGZ-JTDSTZFVSA-N,CCOc1ccc2ccccc2c1C(=O)N[C@@H]1C(=O)N2[C@@H]1SC(C)(C)[C@@H]2C(=O)O,1,0.6543460266391089,0.4756990671157837,0.3343415260314941,0.482030987739563,0.437549352645874,0.5203875303268433,0.3472965359687805,0.16056156,-0.64806414,-0.20621254,-0.28147054
C=C[C@H]1CN2CC[C@H]1C[C@H]2[C@H](O)c1ccnc2ccc(OC)cc12,LOUPRKONTZGTKE-WZBLMQSHSA-N,C=C[C@H]1CN2CC[C@H]1C[C@H]2[C@H](O)c1ccnc2ccc(OC)cc12,1,0.7205839962835233,0.7151299715042114,0.3367998600006103,0.4801074564456939,0.4130773842334747,0.4554991126060486,0.4893815517425537,0.30112308,0.013783634,-0.013471246,-0.70104414
C=C[C@H]1CN2CC[C@H]1C[C@@H]2[C@@H](O)c1ccnc2ccc(OC)cc12,LOUPRKONTZGTKE-LHHVKLHASA-N,C=C[C@H]1CN2CC[C@H]1C[C@@H]2[C@@H](O)c1ccnc2ccc(OC)cc12,1,0.719364517344002,0.7151299715042114,0.3110843002796173,0.4896174669265747,0.4130773842334747,0.4554991126060486,0.4883189797401428,0.30112308,0.013783634,-0.013471246,-0.70104414
CC(C)[N+]1(C)[C@H]2CC[C@@H]1C[C@H](OC(=O)C(CO)c1ccccc1)C2,OEXHQOGQTVQTAT-BHIXFJMTSA-N,CC(C)[N+]1(C)[C@@H]2CC[C@H]1C[C@@H](OC(=O)C(CO)c1ccccc1)C2,0,0.5826787238529461,0.5183342695236206,0.3375093042850494,0.1756591200828552,0.4579555094242096,0.3415423333644867,0.2527840137481689,0.43332738,0.024617255,0.07345307,-0.5810555
CCCCc1oc2ccccc2c1C(=O)c1cc(I)c(OCCN(CC)CC)c(I)c1,IYIKLHRQXLHMJQ-UHFFFAOYSA-N,CCCCc1oc2ccccc2c1C(=O)c1cc(I)c(OCCN(CC)CC)c(I)c1,1,0.7130634563541879,0.4941529035568237,0.3313324749469757,0.7593131065368652,0.3792009949684143,0.4906896352767944,0.4445444941520691,-0.40780762,-0.62425786,-0.30624825,-0.59734714
N#Cc1ccccc1OCC(O)CNCCNC(=O)Cc1ccc(O)cc1,YARKMNAWFIMDKV-UHFFFAOYSA-N,N#Cc1ccccc1OCC(O)CNCCNC(=O)Cc1ccc(O)cc1,0,0.723051472700749,0.5734111070632935,0.5324421525001526,0.4630270898342132,0.465032696723938,0.365985095500946,0.3909651637077331,0.19776416,-0.043729544,-0.050010413,-0.279552
C[C@@H]1C[C@H]2[C@@H]3C[C@H](F)C4=CC(=O)C=C[C@]4(C)[C@H]3[C@@H](O)C[C@]2(C)[C@H]1C(=O)CO,GAKMQHDJQHZUTJ-ULHLPKEOSA-N,C[C@@H]1C[C@H]2[C@@H]3C[C@H](F)C4=CC(=O)C=C[C@]4(C)[C@H]3[C@@H](O)C[C@]2(C)[C@H]1C(=O)CO,1,0.5462155158813838,0.261126846075058,0.4666796326637268,0.3923668563365936,0.2874512672424316,0.4671427011489868,0.3956465721130371,0.408042,-0.5091615,-0.23352782,-0.5517647
C[C@@H]1C[C@H]2[C@@H]3CCC4=CC(=O)C=C[C@]4(C)[C@@]3(F)[C@@H](O)C[C@]2(C)[C@@]1(O)C(=O)CO,UREBDLICKHMUKA-CXSFZGCWSA-N,C[C@@H]1C[C@H]2[C@@H]3CCC4=CC(=O)C=C[C@]4(C)[C@@]3(F)[C@@H](O)C[C@]2(C)[C@@]1(O)C(=O)CO,1,0.5366603216942845,0.2872757911682129,0.5332074165344238,0.3759793043136596,0.3174611032009125,0.4202505350112915,0.3504559695720672,0.41985387,-0.47663945,-0.2272012,-0.6375646
C[C@]12C[C@H](O)[C@H]3[C@@H](CCC4=CC(=O)C=C[C@@]43C)[C@@H]1CC[C@]2(O)C(=O)CO,OIGNJSKKLXVSLS-VWUMJDOOSA-N,C[C@]12C=CC(=O)C=C1CC[C@@H]1[C@@H]2[C@@H](O)C[C@@]2(C)[C@H]1CC[C@]2(O)C(=O)CO,1,0.5062505787180215,0.2894085347652435,0.4591203927993774,0.3008230924606323,0.3181145191192627,0.336482971906662,0.3900092244148254,0.40187705,-0.4889329,-0.20539308,-0.5146782
C[C@H]1C[C@H]2[C@@H]3CC[C@](O)(C(=O)CO)[C@@]3(C)C[C@H](O)[C@@H]2[C@@]2(C)C=CC(=O)C=C12,VHRSUDSXCMQTMA-PJHHCJLFSA-N,C[C@H]1C[C@@H]2[C@H]([C@@H](O)C[C@@]3(C)[C@H]2CC[C@]3(O)C(=O)CO)[C@@]2(C)C=CC(=O)C=C12,1,0.5055628393357906,0.2870464324951172,0.467772364616394,0.3005460500717163,0.2921640872955322,0.4182721674442291,0.3677738308906555,0.38700777,-0.50809366,-0.19579408,-0.5567355
C[C@H]1C[C@H]2[C@@H]3CCC4=CC(=O)C=C[C@]4(C)[C@@]3(F)[C@@H](O)C[C@]2(C)[C@@]1(O)C(=O)CO,UREBDLICKHMUKA-DVTGEIKXSA-N,C[C@H]1C[C@H]2[C@@H]3CCC4=CC(=O)C=C[C@]4(C)[C@@]3(F)[C@@H](O)C[C@]2(C)[C@@]1(O)C(=O)CO,1,0.5376185949783817,0.2872757911682129,0.543183445930481,0.3777059912681579,0.3174611032009125,0.4202505350112915,0.3486244678497314,0.41985387,-0.47663945,-0.2272012,-0.6375646
Cc1nccn1CC1CCc2c(c3ccccc3n2C)C1=O,FELGMEQIXOGIFQ-UHFFFAOYSA-N,Cc1nccn1CC1CCc2c(c3ccccc3n2C)C1=O,1,0.887162940336676,0.5093010067939758,0.656891942024231,0.6968556642532349,0.5838127136230469,0.5764617919921875,0.6347815990447998,0.1273627,-0.22005185,0.042331293,-0.37236434
C[C@@H](c1ncncc1F)[C@](O)(Cn1cncn1)c1ccc(F)cc1F,BCEHBSKCWLPMDN-MGPLVRAMSA-N,C[C@@H](c1ncncc1F)[C@](O)(Cn1cncn1)c1ccc(F)cc1F,1,0.9009284643010044,0.8461126089096069,0.5599730610847473,0.6920706033706665,0.815686047077179,0.7235791087150574,0.773206353187561,0.47753763,0.77001953,0.9656104,-0.5221249
CCC(=O)N(c1ccccc1)C1(COC)CCN(CCn2nnn(CC)c2=O)CC1,IDBPHNDTYPBSNI-UHFFFAOYSA-N,CCC(=O)N(c1ccccc1)C1(COC)CCN(CCn2nnn(CC)c2=O)CC1,0,0.7428472393448077,0.494892805814743,0.4076306819915771,0.5389455556869507,0.4486378729343414,0.6374592781066895,0.4399116635322571,0.6814814,0.28537786,0.7169952,0.010166332
CCN1CCCC1CNC(=O)c1cc(S(N)(=O)=O)ccc1OC,BGRJTUBHPOOWDU-UHFFFAOYSA-N,CCN1CCCC1CNC(=O)c1cc(S(N)(=O)=O)ccc1OC,1,0.883933560863595,0.6995728015899658,0.6039531230926514,0.5103963017463684,0.5334286689758301,0.7102836966514587,0.631102442741394,0.36195856,0.60206354,0.31858802,-0.23795067
CCN1CCCC1CNC(=O)c1cc(S(=O)(=O)CC)c(N)cc1OC,NTJOBXMMWNYJFB-UHFFFAOYSA-N,CCN1CCCC1CNC(=O)c1cc(S(=O)(=O)CC)c(N)cc1OC,1,0.8865007196358139,0.5202628374099731,0.5738138556480408,0.6589805483818054,0.5358521342277527,0.716609001159668,0.5802567005157471,0.37086934,0.59652936,0.23948374,-0.26005754
CCN(CC)CCCN(c1ccccc1)C1Cc2ccccc2C1,NZLBHDRPUJLHCE-UHFFFAOYSA-N,CCN(CC)CCCN(c1ccccc1)C1Cc2ccccc2C1,1,0.7254055531521862,0.5409471392631531,0.4340191483497619,0.3205052614212036,0.4737747013568878,0.5274273753166199,0.5675898194313049,0.24598265,0.09662342,-0.104775414,-0.5606278
OCCN1CCN(CC/C=C2/c3ccccc3Sc3ccc(C(F)(F)F)cc32)CC1,NJMYODHXAKYRHW-DVZOWYKESA-N,OCCN1CCN(CC/C=C2/c3ccccc3Sc3ccc(C(F)(F)F)cc32)CC1,1,0.5400720439378404,0.3364344239234924,0.3008788526058197,0.327644795179367,0.4131810665130615,0.4474813044071197,0.4433827996253967,0.084791064,0.13989156,-0.3880298,-0.58619153
CCOc1nc2cccc(C(=O)O)c2n1Cc1ccc(-c2ccccc2-c2nnn[nH]2)cc1,HTQMVQVXFRQIKW-UHFFFAOYSA-N,CCOc1nc2cccc(C(=O)O)c2n1Cc1ccc(-c2ccccc2-c2nnn[nH]2)cc1,1,0.8980178846150829,0.6837983131408691,0.5607889890670776,0.6300294995307922,0.6419934630393982,0.6210677027702332,0.6167526841163635,-0.45614672,-0.40785033,-0.5567636,0.014959663
COc1cc2c(cc1OC)C1CC(=O)C(CC(C)C)CN1CC2,MKJIEFSOBYUXJB-UHFFFAOYSA-N,COc1cc2c(cc1OC)C1CC(=O)C(CC(C)C)CN1CC2,0,0.8108789712886878,0.4045946300029754,0.7250370979309082,0.6500216722488403,0.5399501323699951,0.5528928637504578,0.6047937870025635,0.38258088,0.10591596,0.283492,-0.24193779
CN(C)CCc1c[nH]c2ccc(Cn3cncn3)cc12,ULFRLSNUDGIQQP-UHFFFAOYSA-N,CN(C)CCc1c[nH]c2ccc(Cn3cncn3)cc12,1,0.8068346789049684,0.4166557192802429,0.5860463976860046,0.5238609910011292,0.589625895023346,0.578240156173706,0.6108014583587646,0.24632812,-0.29297736,-0.10877015,-0.5850738
CCOC(=O)[C@H](CCc1ccccc1)N[C@@H](C)C(=O)N(CC(=O)O)C1Cc2ccccc2C1,WOUOLAUOZXOLJQ-MBSDFSHPSA-N,CCOC(=O)[C@H](CCc1ccccc1)N[C@@H](C)C(=O)N(CC(=O)O)C1Cc2ccccc2C1,1,0.790872368621577,0.6645351052284241,0.5292384028434753,0.4635076522827148,0.4757869243621826,0.5454244613647461,0.5062904357910156,0.069494486,0.29014558,-0.14879492,-0.2656612
N[C@@H]1CONC1=O,DYDCUQKUCUHJBH-UWTATZPHSA-N,N[C@@H]1CONC1=O,1,0.90021305349392,0.6539772748947144,0.5693728923797607,0.8422670960426331,0.6098309755325317,0.7161462903022766,0.7018464803695679,0.32380027,-0.37940994,-0.2013386,-0.465625
C=C1CC[C@@]2(O)[C@H]3Cc4ccc(O)c5c4[C@@]2(CCN3CC2CC2)[C@H]1O5,WJBLNOPPDWQMCH-MBPVOVBZSA-N,C=C1CC[C@@]2(O)[C@H]3Cc4ccc(O)c5c4[C@@]2(CCN3CC2CC2)[C@H]1O5,1,0.468956407088577,0.3058099448680877,0.3533579409122467,0.2655956447124481,0.3641896247863769,0.2739875316619873,0.2719944715499878,0.6466037,-0.03202218,0.070236996,-0.2967077
CN1c2ccccc2C(NCCCCCCC(=O)O)c2ccc(Cl)cc2S1(=O)=O,JICJBGPOMZQUBB-UHFFFAOYSA-N,CN1c2ccccc2C(NCCCCCCC(=O)O)c2ccc(Cl)cc2S1(=O)=O,1,0.8796013539462558,0.6853891015052795,0.5077292323112488,0.6943137645721436,0.5007574558258057,0.6290716528892517,0.550277829170227,0.061866164,0.61344004,-0.2216835,-0.30508178
CCOC(=O)c1ncn2c1CN(C)C(=O)c1cc(F)ccc1-2,OFBIFZUFASYYRE-UHFFFAOYSA-N,CCOC(=O)c1ncn2c1CN(C)C(=O)c1cc(F)ccc1-2,1,0.9050251672555992,0.6478232145309448,0.6827390193939209,0.776260495185852,0.6853491067886353,0.6627415418624878,0.7080155611038208,-0.097571805,-0.64248526,-0.112207204,-0.16296948
CCCCc1ncc(/C=C(\Cc2cccs2)C(=O)O)n1Cc1ccc(C(=O)O)cc1,OROAFUQRIXKEMV-LDADJPATSA-N,CCCCc1ncc(/C=C(\Cc2cccs2)C(=O)O)n1Cc1ccc(C(=O)O)cc1,0,0.8272705552222342,0.5594320297241211,0.6677806377410889,0.5796152949333191,0.4224568903446197,0.4792320728302002,0.5071172118186951,-0.28701046,-0.45479268,-0.5301806,-0.22123832
O=C(O)c1cc(/N=N/c2ccc(O)c(C(=O)O)c2)ccc1O,QQBDLJCYGRGAKP-FOCLMDBBSA-N,O=C(O)c1cc(/N=N/c2ccc(O)c(C(=O)O)c2)ccc1O,0,0.8915629568084498,0.8064402341842651,0.5659527778625488,0.7719254493713379,0.6811186075210571,0.4716121554374695,0.6651317477226257,0.122626424,0.79492414,-0.3365845,-0.14256752
CSc1ccc2c(c1)N(CCC1CCCCN1C)c1ccccc1S2,KLBQZWRITKRQQV-UHFFFAOYSA-N,CSc1ccc2c(c1)N(CCC1CCCCN1C)c1ccccc1S2,1,0.7232964106463005,0.4096865952014923,0.3551445007324219,0.5091157555580139,0.4925884306430816,0.4703082144260406,0.5093046426773071,0.2071318,0.049342275,-0.22446881,-0.8089076
CNS(=O)(=O)CCc1ccc2[nH]cc(C3CCN(C)CC3)c2c1,AMKVXSZCKVJAGH-UHFFFAOYSA-N,CNS(=O)(=O)CCc1ccc2[nH]cc(C3CCN(C)CC3)c2c1,1,0.6947225982366666,0.459980696439743,0.5281862616539001,0.3907323181629181,0.3858680427074432,0.5592234134674072,0.5486557483673096,0.47483343,0.43042624,0.10381654,-0.56768095
COc1cc2c(cc1OC)C(=O)C(CC1CCN(Cc3ccccc3)CC1)C2,ADEBPBSSDYVVLD-UHFFFAOYSA-N,COc1cc2c(cc1OC)C(=O)C(CC1CCN(Cc3ccccc3)CC1)C2,1,0.7811082753807637,0.4200916886329651,0.6012052893638611,0.7398989796638489,0.5190033912658691,0.5783455967903137,0.4901555180549621,0.32578623,0.19535035,0.053474188,-0.20180234
CN1CCN(CC(=O)N2c3ccccc3C(=O)Nc3cccnc32)CC1,RMHMFHUVIITRHF-UHFFFAOYSA-N,CN1CCN(CC(=O)N2c3ccccc3C(=O)Nc3cccnc32)CC1,0,0.8958687501282312,0.6901062726974487,0.596878170967102,0.8211377263069153,0.5510382652282715,0.6927571892738342,0.5978396534919739,0.20490712,-0.10977197,-0.13457628,-0.3732366
CN1CCCC(n2nc(Cc3ccc(Cl)cc3)c3ccccc3c2=O)CC1,MBUVEWMHONZEQD-UHFFFAOYSA-N,CN1CCCC(n2nc(Cc3ccc(Cl)cc3)c3ccccc3c2=O)CC1,1,0.8573666699174268,0.6013513803482056,0.5352469086647034,0.6348617076873779,0.4709130227565765,0.693260133266449,0.578281581401825,-0.055324614,-0.12887567,-0.4276543,-0.26406956
CC(=O)OCC1=C(C(=O)O)N2C(=O)[C@@H](NC(=O)CC#N)[C@H]2SC1,RRYMAQUWDLIUPV-BXKDBHETSA-N,CC(=O)OCC1=C(C(=O)O)N2C(=O)[C@@H](NC(=O)CC#N)[C@H]2SC1,0,0.7488437947902794,0.5875326991081238,0.4797349274158478,0.3874092996120453,0.6592124700546265,0.3524038195610046,0.4878104627132416,0.15052697,-0.7235938,-0.37506008,-0.49696705
CC(C)NCC(O)COc1cccc2ccccc12,AQHHHDLHHXJYJD-UHFFFAOYSA-N,CC(C)NCC(O)COc1cccc2ccccc12,1,0.7140542624471401,0.6656826138496399,0.4924686253070831,0.3938947916030884,0.4323663711547851,0.5104936361312866,0.4505323767662048,-0.3949915,-0.729318,-0.11749536,-0.39792293
COc1ccc2cc([C@H](C)C(=O)O)ccc2c1,CMWTZPSULFXXJA-VIFPVBQESA-N,COc1ccc2cc([C@H](C)C(=O)O)ccc2c1,1,0.8936659733840974,0.7507846355438232,0.6228092908859253,0.6609037518501282,0.5756669044494629,0.6876600980758667,0.5378733277320862,-0.7266912,-0.11890358,-0.42932856,-0.17343774
COc1ccc2cc(CCC(C)=O)ccc2c1,BLXXJMDCKKHMKV-UHFFFAOYSA-N,COc1ccc2cc(CCC(C)=O)ccc2c1,1,0.8507049521869009,0.6903965473175049,0.5787302851676941,0.5517964959144592,0.4577257335186004,0.6987186670303345,0.5456036925315857,-0.3593046,0.04808843,-0.32817432,-0.06114039
CCN(CC)C(=O)C1(c2ccccc2)CC1CN,GJJFMKBJSRMPLA-UHFFFAOYSA-N,CCN(CC)C(=O)C1(c2ccccc2)CC1CN,1,0.8907438925890004,0.7469550967216492,0.589927613735199,0.5824774503707886,0.57345050573349,0.692581295967102,0.5745784044265747,0.48040384,0.2066961,0.12131107,-0.45736045
CC(C)(Oc1ccc(C2CC2(Cl)Cl)cc1)C(=O)O,KPSRODZRAIWAKH-UHFFFAOYSA-N,CC(C)(Oc1ccc(C2CC2(Cl)Cl)cc1)C(=O)O,1,0.9037190737231928,0.7403281927108765,0.636335551738739,0.6926929354667664,0.6327947974205017,0.7704144716262817,0.7811610698699951,0.07305196,-0.35628438,-0.38060617,-0.4474779
CO[C@H]1O[C@@H]2O[C@@]3(C)CC[C@H]4[C@H](C)CC[C@@H]([C@H]1C)[C@]42OO3,SXYIRMFQILZOAM-HVNFFKDJSA-N,CO[C@H]1O[C@@H]2O[C@@]3(C)CC[C@H]4[C@H](C)CC[C@@H]([C@H]1C)[C@@]24OO3,1,0.7978585213550461,0.4718023538589477,0.487842321395874,0.5927596092224121,0.5741077661514282,0.2725540399551391,0.5048978924751282,0.2386651,0.7774849,-0.22506502,-0.5433648
CN1CCN2c3ccccc3Cc3ccccc3C2C1,UEQUQVLFIPOEMF-UHFFFAOYSA-N,CN1CCN2c3ccccc3Cc3ccccc3C2C1,1,0.8723239837009168,0.6645364165306091,0.4745966494083404,0.6442102193832397,0.5093461275100708,0.5363374352455139,0.5631284713745117,0.2699079,-0.10095608,-0.17270473,-0.37752154
Cc1c(O)cccc1C(=O)N[C@@H](CSc1ccccc1)[C@H](O)CN1C[C@H]2CCCC[C@H]2C[C@H]1C(=O)NC(C)(C)C,QAGYKUNXZHXKMR-HKWSIXNMSA-N,Cc1c(O)cccc1C(=O)N[C@@H](CSc1ccccc1)[C@H](O)CN1C[C@H]2CCCC[C@H]2C[C@H]1C(=O)NC(C)(C)C,1,0.5567163182327949,0.3692183792591095,0.3620090782642364,0.4422912001609802,0.3337128460407257,0.3627420663833618,0.3065639138221741,0.29163015,0.118606985,-0.6215826,-0.5541433
Cc1nnc2n1-c1sc(Br)cc1C(c1ccccc1Cl)=NC2,UMSGKTJDUHERQW-UHFFFAOYSA-N,Cc1nnc2n1-c1sc(Br)cc1C(c1ccccc1Cl)=NC2,1,0.9065555411884892,0.6950835585594177,0.7201225757598877,0.7811481952667236,0.6378650665283203,0.7974620461463928,0.6705159544944763,-0.4981389,-0.58390987,-0.36465114,-0.26720682
CCOc1ccccc1O[C@H](c1ccccc1)[C@H]1CNCCO1,CBQGYUDMJHNJBX-RTBURBONSA-N,CCOc1ccccc1O[C@H](c1ccccc1)[C@H]1CNCCO1,1,0.8886872136997915,0.802090048789978,0.4990411400794983,0.5749958157539368,0.5606805086135864,0.6759465932846069,0.598507285118103,-0.026022404,0.11699003,-0.08623738,0.011193708
CCn1cc(C(=O)O)c(=O)c2cc(F)c(N3CCN(C)CC3)cc21,FHFYDNQZQSQIAI-UHFFFAOYSA-N,CCn1cc(C(=O)O)c(=O)c2cc(F)c(N3CCN(C)CC3)cc21,1,0.9020866002921832,0.8507055640220642,0.7751876711845398,0.6345314979553223,0.5937162637710571,0.6788486838340759,0.6605055332183838,-0.029696018,-0.66753894,-0.25613612,-0.16078278
CCn1cc(C(=O)O)c(=O)c2cc(F)c(N3CCNC(C)C3)c(F)c21,ZEKZLJVOYLTDKK-UHFFFAOYSA-N,CCn1cc(C(=O)O)c(=O)c2cc(F)c(N3CCNC(C)C3)c(F)c21,1,0.9033963453879932,0.8015590906143188,0.7453652620315552,0.7204644083976746,0.6524837017059326,0.6224132776260376,0.6556515097618103,0.24243355,-0.3821774,-0.32108277,-0.07622953
CCn1cc(C(=O)O)c(=O)c2cc(F)c(N3CCNCC3)cc21,OGJPXUAPXNRGGI-UHFFFAOYSA-N,CCn1cc(C(=O)O)c(=O)c2cc(F)c(N3CCNCC3)cc21,1,0.9048963621234464,0.8375471234321594,0.7840619087219238,0.6932176351547241,0.6220454573631287,0.6814745664596558,0.6510255932807922,-0.0152964,-0.6514358,-0.20519346,-0.032631606
Cc1ccc(C(=O)c2ccc(CC(=O)O)n2C)cc1,UPSPUYADGBWSHF-UHFFFAOYSA-N,Cc1ccc(C(=O)c2ccc(CC(=O)O)n2C)cc1,1,0.9071039314296684,0.8063778877258301,0.6414498686790466,0.8781240582466125,0.7220568060874939,0.7498208284378052,0.7173685431480408,-0.36296842,0.2938829,-0.27636796,-0.19047125
CC(C)N1CCC(N(C(=O)Cc2ccccc2)c2ccc(Cl)cc2)CC1,XHOJAWVAWFHGHL-UHFFFAOYSA-N,CC(C)N1CCC(N(C(=O)Cc2ccccc2)c2ccc(Cl)cc2)CC1,0,0.7568832482594013,0.5327200293540955,0.5249625444412231,0.2555470466613769,0.5448131561279297,0.6322681903839111,0.5645347237586975,0.46714634,0.13780457,0.045026347,-0.348927
COc1ccc(Cl)cc1C(=O)NCCc1ccc(S(=O)(=O)NC(=O)NC2CCCCC2)cc1,ZNNLBTZKUZBEKO-UHFFFAOYSA-N,COc1ccc(Cl)cc1C(=O)NCCc1ccc(S(=O)(=O)NC(=O)NC2CCCCC2)cc1,1,0.8999797434175414,0.5582048296928406,0.6157063245773315,0.6541267037391663,0.6231913566589355,0.6933522820472717,0.6276897192001343,-0.0058310926,0.6777587,-0.75530887,-0.058772802
COc1cccc2c1C(=O)c1c(O)c3c(c(O)c1C2=O)C[C@@](O)(C(=O)CO)C[C@@H]3O[C@H]1C[C@H](N)[C@H](O)[C@H](C)O1,AOJJSUZBOXZQNB-TZSSRYMLSA-N,COc1cccc2c1C(=O)c1c(O)c3c(c(O)c1C2=O)C[C@@](O)(C(=O)CO)C[C@@H]3O[C@H]1C[C@H](N)[C@H](O)[C@H](C)O1,0,0.6792591768485986,0.3282882869243622,0.454535573720932,0.6061981320381165,0.5030912756919861,0.3819282948970794,0.3592374324798584,0.35334277,-0.3945899,-0.052449547,-0.4343111
CC(=O)[C@]1(O)Cc2c(O)c3c(c(O)c2[C@@H](O[C@H]2C[C@H](N)[C@H](O)[C@H](C)O2)C1)C(=O)c1ccccc1C3=O,XDXDZDZNSLXDNA-TZNDIEGXSA-N,CC(=O)[C@]1(O)Cc2c(O)c3c(c(O)c2[C@@H](O[C@H]2C[C@H](N)[C@H](O)[C@H](C)O2)C1)C(=O)c1ccccc1C3=O,1,0.7117947136466917,0.374451994895935,0.4733153581619262,0.5939709544181824,0.5294227600097656,0.3312293589115143,0.4232758283615112,0.3786065,-0.44673133,-0.09155044,-0.43508023
COc1cccc2c1C(=O)c1c(O)c3c(c(O)c1C2=O)C[C@@](O)(C(=O)CO)C[C@@H]3O[C@H]1C[C@H](N)[C@@H](O)[C@H](C)O1,AOJJSUZBOXZQNB-VTZDEGQISA-N,COc1cccc2c1C(=O)c1c(O)c3c(c(O)c1C2=O)C[C@@](O)(C(=O)CO)C[C@@H]3O[C@H]1C[C@H](N)[C@@H](O)[C@H](C)O1,0,0.6784885519950724,0.3282882869243622,0.4519307315349579,0.5992274880409241,0.5030912756919861,0.3819282948970794,0.3588726222515106,0.35334277,-0.3945899,-0.052449547,-0.4343111
COc1cccc(C(=O)CCN[C@@H](C)[C@H](O)c2ccccc2)c1,GDYUVHBMFVMBAF-LIRRHRJNSA-N,COc1cccc(C(=O)CCN[C@@H](C)[C@H](O)c2ccccc2)c1,1,0.8332448260781476,0.4804926216602325,0.5818913578987122,0.5469799637794495,0.5438499450683594,0.6475152969360352,0.547736406326294,0.23818558,0.1779204,0.08268443,-0.50952387
Cc1nc2n(c(=O)c1CCN1CCC(c3noc4cc(F)ccc34)CC1)CCCC2,RAPZEAPATHNIPO-UHFFFAOYSA-N,Cc1nc2n(c(=O)c1CCN1CCC(c3noc4cc(F)ccc34)CC1)CCCC2,1,0.8769461109955059,0.6597548127174377,0.4431876540184021,0.7449262142181396,0.578790545463562,0.5886540412902832,0.5326113104820251,0.40105796,0.0026059747,-0.084138036,-0.26467687
CN1CC[C@]23c4c5ccc(O)c4O[C@H]2[C@@H](O)C=C[C@H]3[C@H]1C5,BQJCRHHNABKAKU-KBQPJGBKSA-N,CN1CC[C@]23c4c5ccc(O)c4O[C@H]2[C@@H](O)C=C[C@H]3[C@H]1C5,1,0.4686192992015827,0.2804316282272339,0.3719291687011719,0.1678478419780731,0.4212554097175598,0.376542717218399,0.2642416656017303,0.28008223,-0.7200602,0.03449677,-0.6373292
COc1ccc2c3c1O[C@H]1[C@@H](O)C=C[C@H]4[C@@H](C2)N(C)CC[C@]314,OROGSEYTTFOCAN-DNJOTXNNSA-N,COc1ccc2c3c1O[C@H]1[C@@H](O)C=C[C@H]4[C@@H](C2)N(C)CC[C@@]341,1,0.4956282154488589,0.3018627464771271,0.4055575728416443,0.2261438816785812,0.4959919154644012,0.3090234696865082,0.2746013402938843,0.4138857,-0.055905342,0.090845525,-0.49640876
C=CC[C@@H]1/C=C(\C)C[C@H](C)C[C@H](OC)[C@H]2O[C@@](O)(C(=O)C(=O)N3CCCC[C@H]3C(=O)O[C@H](/C(C)=C/[C@@H]3CC[C@@H](O)[C@H](OC)C3)[C@H](C)[C@@H](O)CC1=O)[C@H](C)C[C@@H]2OC,QJJXYPPXXYFBGM-LFZNUXCKSA-N,C=CC[C@@H]1/C=C(\C)C[C@H](C)C[C@H](OC)[C@H]2O[C@@](O)(C(=O)C(=O)N3CCCC[C@H]3C(=O)O[C@H](/C(C)=C/[C@@H]3CC[C@@H](O)[C@H](OC)C3)[C@H](C)[C@@H](O)CC1=O)[C@H](C)C[C@@H]2OC,1,0.61577647948354,0.4211984872817993,0.5146622657775879,0.3683182001113891,0.3347202241420746,0.4297822117805481,0.4789124727249145,0.3694083,-0.43297505,-0.40003693,-0.4676051
C#C[C@]1(O)CC[C@H]2[C@@H]3CCc4cc(O)ccc4[C@H]3[C@@H](OC)C[C@@]21C,MTMZZIPTQITGCY-OLGWUGKESA-N,C#C[C@]1(O)CC[C@H]2[C@@H]3CCc4cc(O)ccc4[C@H]3[C@@H](OC)C[C@@]21C,1,0.6886385481592515,0.5868449211120605,0.4705894589424133,0.4513574838638305,0.1500932574272155,0.3704380989074707,0.4381256699562073,0.43290424,-0.4478803,-0.14177173,-0.56210524
C[C@]12CC[C@@H]3c4ccc(O)cc4CC[C@H]3[C@@H]1CC[C@@H]2O,VOXZDWNPVJITMN-ZBRFXRBCSA-N,C[C@]12CC[C@@H]3c4ccc(O)cc4CC[C@H]3[C@@H]1CC[C@@H]2O,0,0.7617182172427798,0.5615482330322266,0.3496944308280945,0.4832969307899475,0.4509690999984741,0.451755553483963,0.5403729677200317,0.4194734,-0.44612437,-0.02158904,-0.5648105
CC(=O)O[C@H]1C[C@@H]2CC[C@@H]3[C@H](CC[C@@]4(C)[C@H]3C[C@H]([N+]3(C)CCCCC3)[C@@H]4OC(C)=O)[C@@]2(C)C[C@@H]1[N+]1(C)CCCCC1,GVEAYVLWDAFXET-XGHATYIMSA-N,CC(=O)O[C@H]1C[C@@H]2CC[C@@H]3[C@H](CC[C@@]4(C)[C@H]3C[C@H]([N+]3(C)CCCCC3)[C@@H]4OC(C)=O)[C@@]2(C)C[C@@H]1[N+]1(C)CCCCC1,0,0.4076292165335525,0.2560027539730072,0.2098463177680969,0.1732075661420822,0.2404414266347885,0.1958396434783935,0.1095918342471122,0.44910127,-0.4424779,-0.29266042,-0.41004896
CO/N=C(\C(=O)N[C@@H]1C(=O)N2C(C(=O)O)=C(CSc3nc(C)c(CC(=O)O)s3)CS[C@H]12)c1csc(N)n1,XDZKBRJLTGRPSS-BGZQYGJUSA-N,CO/N=C(\C(=O)N[C@@H]1C(=O)N2C(C(=O)O)=C(CSc3nc(C)c(CC(=O)O)s3)CS[C@H]12)c1csc(N)n1,0,0.7159078378854401,0.473763108253479,0.416841596364975,0.4801158010959625,0.5866144895553589,0.3655296564102173,0.4488019943237304,0.13045755,-0.66521007,-0.26467097,-0.5911279
CNCCCC12CCC(c3ccccc31)c1ccccc12,QSLMDECMDJKHMQ-UHFFFAOYSA-N,CNCCCC12CCC(c3ccccc31)c1ccccc12,1,0.8308566419536012,0.5731527805328369,0.5285885334014893,0.5122031569480896,0.4982419312000274,0.5586713552474976,0.5011199116706848,-0.22353935,0.18806374,-0.20833236,-0.55818355
C=CCN1CCCC1CNC(=O)c1cc2n[nH]nc2cc1OC,KSEYRUGYKHXGFW-UHFFFAOYSA-N,C=CCN1CCCC1CNC(=O)c1cc2n[nH]nc2cc1OC,1,0.889774710621408,0.7238919138908386,0.5534669756889343,0.6854256987571716,0.5120772123336792,0.6285558342933655,0.6665346622467041,0.20206958,-0.29646128,-0.033016846,-0.3242632
C#C[C@]1(O)CC[C@H]2[C@@H]3CCC4=CC(=O)CC[C@@H]4[C@H]3CC[C@@]21CC,WWYNJERNGUHSAO-XUDSTZEESA-N,C#C[C@]1(O)CC[C@H]2[C@@H]3CCC4=CC(=O)CC[C@@H]4[C@H]3CC[C@@]21CC,1,0.7102079204143421,0.5382444262504578,0.4984890222549438,0.4418595433235168,0.382249504327774,0.3502033054828644,0.4697471261024475,0.4449386,-0.43541706,-0.26695994,-0.44922394
C[C@]12CC[C@H]3[C@@H](CCC4=CC(=O)CC[C@@]43C)[C@@H]1CC[C@@H]2O,MUMGGOZAMZWBJJ-DYKIIFRCSA-N,C[C@]12CC[C@H]3[C@@H](CCC4=CC(=O)CC[C@@]43C)[C@@H]1CC[C@@H]2O,0,0.7788174555895174,0.4892373085021972,0.4698624610900879,0.5270605087280273,0.4769381582736969,0.3727959096431732,0.5871492028236389,0.43553013,-0.4446193,-0.22352552,-0.46811005
C#CC1(O)CCC2C3CCC4=CC(=O)CCC4C3CCC21CC,WWYNJERNGUHSAO-UHFFFAOYSA-N,C#CC1(O)CCC2C3CCC4=CC(=O)CCC4C3CCC21CC,1,0.7001091182332129,0.5382444262504578,0.4901684820652008,0.4289626479148865,0.3539647161960602,0.3502033054828644,0.4707744419574737,0.4449386,-0.43541706,-0.26695994,-0.44922394
CC(=O)[C@H]1CC[C@H]2[C@@H]3CCC4=CC(=O)CC[C@]4(C)[C@H]3CC[C@]12C,RJKFOVLPORLFTN-LEKSSAKUSA-N,CC(=O)[C@H]1CC[C@H]2[C@@H]3CCC4=CC(=O)CC[C@]4(C)[C@H]3CC[C@]12C,1,0.8580897513223574,0.5227803587913513,0.4262789785861969,0.7062942385673523,0.5247621536254883,0.4565664827823639,0.597625732421875,0.42895764,-0.4518367,-0.29138017,-0.5020675
N/N=c1/cc2c(n[nH]1)CCN(C(=O)c1ccccc1)C2,ALAXZYHFVBSJKZ-UHFFFAOYSA-N,N/N=c1/cc2c(n[nH]1)CCN(C(=O)c1ccccc1)C2,1,0.9029766280265306,0.8555083274841309,0.6875896453857422,0.839614987373352,0.6641926169395447,0.6357247233390808,0.7038144469261169,0.053050578,-0.32376587,-0.1806313,-0.32656765
COc1ccc2c(c1)c(CC(=O)O)c(C)n2C(=O)c1ccc(Cl)cc1,CGIGDMFJXJATDK-UHFFFAOYSA-N,COc1ccc2c(c1)c(CC(=O)O)c(C)n2C(=O)c1ccc(Cl)cc1,1,0.9028862086899836,0.6650664210319519,0.6808731555938721,0.7156823873519897,0.621214747428894,0.6231033802032471,0.6322738528251648,-0.8088695,-0.050606072,-0.56031007,0.12303245
CC(C(=O)O)c1ccc(C(=O)c2cccs2)cc1,MDKGKXOCJGEUJW-UHFFFAOYSA-N,CC(C(=O)O)c1ccc(C(=O)c2cccs2)cc1,1,0.8662925930629397,0.6658610701560974,0.6884531378746033,0.7644280195236206,0.4689627587795257,0.6701561212539673,0.6543866395950317,-0.5619128,0.10048187,-0.3151323,-0.22117777
CCOC(=O)CN[C@@H](C(=O)N1CC[C@H]1C(=O)NCc1ccc(/C(N)=N/O)cc1)C1CCCCC1,ZXIBCJHYVWYIKI-PZJWPPBQSA-N,CCOC(=O)CN[C@@H](C(=O)N1CC[C@H]1C(=O)NCc1ccc(/C(N)=N/O)cc1)C1CCCCC1,1,0.5956498850436659,0.2741859853267669,0.5336647033691406,0.4057554006576538,0.4530991911888122,0.6324870586395264,0.3978089392185211,0.76484454,0.044674456,-0.09496418,-0.6298525
N=C(N)c1ccc(CNC(=O)[C@@H]2CCN2C(=O)[C@H](NCC(=O)O)C2CCCCC2)cc1,DKWNMCUOEDMMIN-PKOBYXMFSA-N,N=C(N)c1ccc(CNC(=O)[C@@H]2CCN2C(=O)[C@H](NCC(=O)O)C2CCCCC2)cc1,0,0.6072845646549861,0.2925763726234436,0.4774128198623657,0.4704695045948028,0.4018608033657074,0.5033429265022278,0.4158975183963775,0.9025881,-0.2535901,0.052764848,-0.30226022
Cc1ccc(S(=O)(=O)NC(=O)NN2CC3CCCC3C2)cc1,BOVGTQGAOIONJV-UHFFFAOYSA-N,Cc1ccc(S(=O)(=O)NC(=O)NN2CC3CCCC3C2)cc1,1,0.8995251218273393,0.7864047288894653,0.6422852873802185,0.8092942237854004,0.5383187532424927,0.739203929901123,0.6368481516838074,0.10272914,0.77909195,-0.30195647,-0.23677383
CCOC(=O)[C@H](CCc1ccccc1)N[C@@H](C)C(=O)N1[C@H](C(=O)O)C[C@H]2CCCC[C@@H]21,VXFJYXUZANRPDJ-WTNASJBWSA-N,CCOC(=O)[C@H](CCc1ccccc1)N[C@@H](C)C(=O)N1[C@H](C(=O)O)C[C@H]2CCCC[C@@H]21,0,0.8652505501658311,0.6675940155982971,0.4949424862861633,0.6023131012916565,0.5013675093650818,0.5362823009490967,0.515777587890625,0.5366312,-0.30269873,-0.082069226,-0.40875435
O=C1CC[C@@]2(O)[C@H]3Cc4ccc(O)c5c4[C@@]2(CCN3CC2CC2)[C@H]1O5,DQCKKXVULJGBQN-XFWGSAIBSA-N,O=C1CC[C@@]2(O)[C@H]3Cc4ccc(O)c5c4[C@@]2(CCN3CC2CC2)[C@H]1O5,1,0.5164930863785765,0.3923815786838531,0.3788318336009979,0.288693755865097,0.381904274225235,0.2918381094932556,0.2987367510795593,0.66370004,0.049698055,0.2285971,-0.26948938
COc1ccccc1OCCNCC(O)COc1cccc2[nH]c3ccccc3c12,OGHNVEJMJSYVRP-UHFFFAOYSA-N,COc1ccccc1OCCNCC(O)COc1cccc2[nH]c3ccccc3c12,1,0.6879773132563706,0.5661007165908813,0.5177600383758545,0.4248484373092651,0.3959332108497619,0.3662481606006622,0.3655537962913513,-0.10973166,0.1083529,-0.4706988,-0.30560967
CN(C)CCC=C1c2ccccc2COc2ccccc21,ODQWQRRAPPTVAG-UHFFFAOYSA-N,CN(C)CCC=C1c2ccccc2COc2ccccc21,1,0.892532968598231,0.7094603180885315,0.5032910108566284,0.7650995850563049,0.6207919716835022,0.6058581471443176,0.6336847543716431,0.1288712,0.08356869,-0.18158978,-0.3992797
Nc1nnc(-c2cccc(Cl)c2Cl)c(N)n1,PYZRQGJRPPTADH-UHFFFAOYSA-N,Nc1nnc(-c2cccc(Cl)c2Cl)c(N)n1,1,0.8984424218696331,0.8413945436477661,0.5085371136665344,0.8238328099250793,0.7525597214698792,0.7928443551063538,0.7565504312515259,0.26298404,-0.5103929,-0.13959521,-0.5800637
CO/N=C(\C(=O)N[C@@H]1C(=O)N2C(C(=O)O)=C(CSc3nc(=O)c(=O)[nH]n3C)CS[C@H]12)c1csc(N)n1,VAAUVRVFOQPIGI-SPQHTLEESA-N,CO/N=C(\C(=O)N[C@@H]1C(=O)N2C(C(=O)O)=C(CSc3nc(=O)c(=O)[nH]n3C)CS[C@H]12)c1csc(N)n1,0,0.6698673682975945,0.4591733515262604,0.4353393018245697,0.3948257863521576,0.5092769861221313,0.3521863222122192,0.4285216331481933,0.16762179,-0.65232843,-0.24384463,-0.5409708
Cc1ccc2c(-c3ccccc3)nc(=O)n(C(C)C)c2c1,JTIGKVIOEQASGT-UHFFFAOYSA-N,Cc1ccc2c(-c3ccccc3)nc(=O)n(C(C)C)c2c1,0,0.904612843811004,0.8423757553100586,0.6498662233352661,0.8012821674346924,0.5727261900901794,0.6860257983207703,0.6769376397132874,-0.56729054,-0.24547753,-0.58228344,0.31916296
O=C1NCC2(CCN(CCc3ccccc3)CC2)O1,FVNFBBAOMBJTST-UHFFFAOYSA-N,O=C1NCC2(CCN(CCc3ccccc3)CC2)O1,1,0.779208005310355,0.5078100562095642,0.4809868335723877,0.3722805082798004,0.5105412006378174,0.5957716107368469,0.5444873571395874,0.59014374,0.15293819,0.3204596,-0.19504477
